Titre,Prix,Ville,Date
KIA PICANTO ESSENCE,7200 €,BOUILLANTE,20/09/2022
206+ essence,4200 €,CAYENNE,04/10/2022
Dacia essence,3200 €,CAYENNE,04/10/2022
"A saisir, Twingo 2 places, 6500 euros",6500 €,KOUROU,04/10/2022
Partner,2500 €,LE BLANC,03/10/2022
Audi A3 140ch pour pièces,1500 €,LE MARILLAIS,03/10/2022
Clio 3,1800 €,SEUR,03/10/2022
Citroën C1 essence 4cv,2900 €,COURPIERE,03/10/2022
"Volkswagen Tiguan II automatique essence 1,5TSI DS",35800 €,ROANNE,03/10/2022
Discovery sport,28000 €,AURILLAC,02/10/2022
Toyota yaris hybride pack zen suréquipée,15490 €,ANTHY SUR LEMAN,02/10/2022
FIAT 5OO L  7 PLACES,18700 €,FOUQUIERES LES LENS,02/10/2022
Mercedes classe a,1300 €,THEROULDEVILLE,02/10/2022
"Peugeot 206 essence 1,4 l de 1998",3000 €,HAM SOUS VARSBERG,02/10/2022
Rav4 Toyota diesel automatique,14000 €,GOURBEYRE,02/10/2022
Voiture dans l état,800 €,MONTPELLIER,01/10/2022
Nissan juke,26000 €,ARS SUR MOSELLE,01/10/2022
Citroen 2CV,9800 €,BLOIS,01/10/2022
Peugeot 206,1200 €,CELLE LEVESCAULT,01/10/2022
407 2l7 hdi,900 €,ETAMPES,01/10/2022
"A 180 CDI, 4 PNEUS + CARDAN NEUFS, CARNET COMPLET.",5150 €,BREST,01/10/2022
Mercedes c220 diesel,2500 €,VILLENEUVE SUR LOT,01/10/2022
Twingo 2,5000 €,MARSEILLE 5EME ARRONDISSEMENT,01/10/2022
Citroën 2 CV,7000 €,AUCH,30/09/2022
3008 AUTOMATIQUE PREMIUM PACK,5000 €,NANTES,30/09/2022
Sandéro Stepway Confort GPL,15950 €,MONTIGNY LES CORMEILLES,30/09/2022
Voiture très bon état CT OK factures à l'appui,3000 €,CHARLEVILLE MEZIERES,30/09/2022
Ferrari 308 gts,45000 €,MEREAU,29/09/2022
Zafira,1400 €,BONNEUIL SUR MARNE,28/09/2022
Voiture hyundai I20,800 €,GROS MORNE,28/09/2022
Peugeot 308 SW 1.5 BlueHDI 130ch S&S Allure EAT8,17500 €,MEAUZAC,28/09/2022
Opel corsa,9500 €,POGGIO MEZZANA,28/09/2022
Audi Q7,18500 €,WISSEMBOURG,28/09/2022
BMW X1 18Sdrive,22500 €,DUCOS,28/09/2022
3008 Allure,23000 €,AUBERCHICOURT,27/09/2022
Geot 208 1. 6 Blue HDI 100ch  Style 5p,10300 €,LANVALLAY,27/09/2022
Peugeot 205,300 €,ST JEAN DE BELLEVILLE,27/09/2022
Kangoo utilitaire,2600 €,NEUVY SUR LOIRE,27/09/2022
AUDI A3 1.4 TFSI TBE - Moteur changé,6900 €,LE HAILLAN,27/09/2022
Voiture BMW X3 elle est nickel intérieur,8500 €,SAVERNE,27/09/2022
Véhicule sans permis microcar,8500 €,CHENIERS,27/09/2022
TRIUMPH SPITFIRE,16000 €,ENTRAIGUES SUR LA SORGUE,27/09/2022
l200 Mitsubishi,500 €,STE ANNE,26/09/2022
HYUNDAI TUCSON 136DCT-7 EXECUTIVE,24900 €,PUBLIER,26/09/2022
Peugeot bipper,5900 €,BEZAC,26/09/2022
Clio IV Estate essence,9800 €,MENNECY,26/09/2022
Mitsubishi colt cz3,3900 €,LE TAMPON,26/09/2022
Q7,18500 €,WISSEMBOURG,26/09/2022
C5 aicross 09 / 19 hdi 130 shine EAT8,26300 €,HYERES,26/09/2022
Auto Ds4 130 So chic S&S 7 Cv,20000 €,HOCHSTATT,25/09/2022
KIA Carnival 2006 beau moteur,2500 €,DAMPIERRE,25/09/2022
Volvo XC 60,26000 €,PONTCHATEAU,25/09/2022
Voiture VW polo année 2018,15900 €,POISSY,25/09/2022
Lodgy 2014 5 places,7500 €,OISSEL,24/09/2022
Mini one 102 ch pack salt,16300 €,ECOUFLANT,24/09/2022
Riley spécial 12 / 4 sport,72000 €,ST GAUDENS,24/09/2022
Suzuki Jimny,7000 €,AZUR,24/09/2022
Vehicule,5000 €,LE LAMENTIN,24/09/2022
Véhicule,2300 €,COLOMBES,24/09/2022
BMW SERIE 1 AUTOMATIQUE,15500 €,NICE,24/09/2022
Hyundai I30,9500 €,FORT DE FRANCE,24/09/2022
Renault Clio,600 €,LE GUILLAUME,24/09/2022
Voiturette,9000 €,MULHOUSE,23/09/2022
208,8000 €,HEM MONACU,23/09/2022
FIAT PANDA 4 X 4 TYPE 141,1600 €,BAYE,22/09/2022
Passat cc Cara edition,9000 €,TOULOUSE,22/09/2022
En pièces détachées,600 €,VAUDEURS,22/09/2022
Mini countryman,10000 €,MOSNAC,22/09/2022
Audi A3 2L 140,5000 €,LA TRINITE,22/09/2022
Collection de vehicule,30000 €,TOUTAINVILLE,22/09/2022
2008 GT HDI EAT8  noir,31500 €,BEAUCOURT,21/09/2022
PIECES DÉTACHÉES,500 €,AVIGNON,21/09/2022
Ax citroen,700 €,COURCON,21/09/2022
VOLKSWAGEN GOLF 1.6 TDI 105 COMFORTLINE 2005,3200 €,MONTAUBAN,21/09/2022
Recherche une petite voiture essence d'occasion,3500 €,CLOHARS CARNOET,21/09/2022
Toyota Corolla en l'état pour pièces,500 €,FORT DE FRANCE,21/09/2022
Citroën saxo uniquement pour pièces,150 €,BRASSAC LES MINES,20/09/2022
C3 picasso diesel,7400 €,GOUZON,20/09/2022
Mercedes benz A200,14000 €,COLOMBEY LES BELLES,20/09/2022
Belle voiture,5900 €,BEZIERS,20/09/2022
Voiture pièces,200 €,ST COLOMBAN,20/09/2022
PEUGEOT 307 HDI,1000 €,STE SUZANNE,20/09/2022
308,6990 €,VUE,20/09/2022
Toyota RAV4 2.2 D-4D 136 ch DPF,4140 €,LUCON,20/09/2022
Peugeot 207 1.4 HDi 70 Blue Lion Urban,1500 €,ST DENIS SUR LOIRE,20/09/2022
Peugeot 2008,12500 €,MAINVILLIERS,19/09/2022
Suzuki swift rouge,13500 €,JANZE,19/09/2022
Golf 6 pour pièces,350 €,ST LAURENT DE CERIS,19/09/2022
Twingo signature,17000 €,ST DENIS,19/09/2022
Peugeot 3008  1.6 blueHDI 120ch allure,10500 €,HAUTVILLERS OUVILLE,19/09/2022
BMW serie1 f40  116i,24000 €,BUIRE,19/09/2022
Kia Sportage cabriolet,1700 €,TRANS EN PROVENCE,19/09/2022
Renault trafic PASSENGER,6200 €,ST EGREVE,19/09/2022
Mercedes,10000 €,ST BENOIT,19/09/2022
Mercedes classe c pack amg,7500 €,BRY SUR MARNE,18/09/2022
Voiture Bmw,4500 €,AULNAY SOUS BOIS,17/09/2022
407 Peugeot,6500 €,PETIT CANAL,17/09/2022
"Citroen C4 Picasso HDi  BA, 2 litres, CT OK, RAS,",4700 €,NEUVILLE DE POITOU,17/09/2022
Twingo 3,8600 €,CAUDRY,17/09/2022
HONDA PRELUDE 2.3L  4WS,,DOUVAINE,17/09/2022
Opel Mokka,7000 €,LA POSSESSION,17/09/2022
Peugeot 307 diesel,1300 €,ST ANDRE,16/09/2022
DUSTER 4*4 DIESEL 08-2020 - Garantie,19900 €,HAUCOURT MOULAINE,16/09/2022
Échange contre autre véhicule,5000 €,ANGOULEME,16/09/2022
Scenic 1. 9 diesel,2400 €,GRASSE,16/09/2022
SUSUKI SWIFT,6900 €,CORMEILLES EN PARISIS,16/09/2022
"Audi 80 break, pour pièces détachées",350 €,RUE,16/09/2022
Véhicule entretenu plusieurs options aucun frais,5500 €,PONTOISE,16/09/2022
Fiat fullback pickup,26000 €,CHARTEVES,15/09/2022
Polo en l'état,900 €,RIVIERE PILOTE,15/09/2022
Citroën xsara,700 €,ST GAUDENS,15/09/2022
Voiture,13000 €,FORT DE FRANCE,15/09/2022
Golf 4 cabriolet,1000 €,TRELISSAC,15/09/2022
Voiture  d'occasion,500 €,LE CARBET,15/09/2022
Clio 3 phase 2 1L5 DCI 68CH,3990 €,LORIENT,15/09/2022
208 bluehdi à débattre,10900 €,ST ANDRE,15/09/2022
ALFA ROMEO GIULIETTA III (2) 2.0 JTDM 150 S/S DIST,11291 €,SAVIGNY LE TEMPLE,15/09/2022
Golf GTI 260 ch,18000 €,LUCENAY L EVEQUE,15/09/2022
Seat ibiza pour pièce détachée,400 €,RIVIERE PILOTE,14/09/2022
Véhicule hybride Jeep Wrangler Unlimited,69000 €,STE MAXIME,14/09/2022
Megane,300 €,L ISLE D ABEAU,14/09/2022
Skoda Fabian Monte-Carlo 1.0L TSI 110ch,9500 €,LE GOSIER,14/09/2022
Mercedes GLC coupé,55000 €,TOULON,14/09/2022
Suzuki Swift hybride 2021,15500 €,QUIMPER,14/09/2022
Cherche Véhicule,,BOURG EN BRESSE,14/09/2022
WW Polo 2002,550 €,PLOUVORN,14/09/2022
Seat Leon en l'état,1500 €,GOURBEYRE,14/09/2022
Ford focus,7000 €,STE MARIE,13/09/2022
QASHQAI 1. 2-T2 115CH N-CONNECTA 2018,17950 €,RUSS,13/09/2022
Clio 3,3500 €,MONTPELLIER,13/09/2022
Volkswagen TOUAREG 3. 0 V6 TDI,21990 €,CHOLET,13/09/2022
Nissan Qashqai n connecta toit panoramique,20550 €,ST SAUVEUR,13/09/2022
Renault clio 3 RS,9000 €,RUOMS,13/09/2022
Citroën C3,16000 €,BERNIERES,13/09/2022
Clio commerciale diesel,800 €,LES ABYMES,12/09/2022
Mercedes C220 Elégance,6400 €,MONTARDON,12/09/2022
Peugeot 7200€,7200 €,MONTLUCON,12/09/2022
Audi A3 full option,4500 €,ASSEVENT,12/09/2022
Ford fiesta diesel,1900 €,MARSEILLE 15EME ARRONDISSEMENT,12/09/2022
Toyota Land Cruiser 90,8500 €,LANGON,12/09/2022
Volvo S90 D5,29900 €,AMIENS,12/09/2022
Citroën C1,5500 €,MALESTROIT,11/09/2022
A saisir RAV4,21500 €,SEPTEMES LES VALLONS,11/09/2022
Renault Kangoo,7000 €,CAYENNE,11/09/2022
Peugeot 208 féline,7000 €,STE SUZANNE,11/09/2022
Suzuki SX4 S-Cross 1.4-140,13500 €,PERPIGNAN,11/09/2022
23500,23500 €,NANTERRE,11/09/2022
Golf 6,7500 €,STE MARIE,11/09/2022
C3 1.2 VTi 82 Music Touch 5 portes Essence,9900 €,SUCE SUR ERDRE,11/09/2022
Nissan Qashqai 1.2 DIG-T 115,15500 €,PERPIGNAN,11/09/2022
C3 Aircross,10100 €,VEZ,11/09/2022
Nissan patfinder,8000 €,ORIGNE,11/09/2022
KIA PICANTO - TRES BON ETAT,5700 €,FORT DE FRANCE,11/09/2022
Toyota Paseo 1996,1500 €,VREMY,10/09/2022
Routière exceptionnelle,19000 €,NIMES,10/09/2022
Audi A4,1200 €,CHATEAU THIERRY,10/09/2022
CLIO DIE,4200 €,PLATEAU CAILLOUX,10/09/2022
Clio DIESEL break clim,4200 €,PLATEAU CAILLOUX,10/09/2022
Peugeot 306 break roulante...,600 €,LAMENTIN,09/09/2022
Nouvelle sandero dacia stepway confort eco-g LIBRE,17400 €,CAUDAN,09/09/2022
Recherche voitre sans permis a louer,99 €,STENAY,09/09/2022
SAFRANE 2.2 DT RENAULT 115CH DIESEL 1998,1000 €,CAVAILLON,09/09/2022
Citroën c4 blanche année 2016,8100 €,NANTES,09/09/2022
Citroën berlingo,3000 €,LE ROBERT,09/09/2022
Volkswagen sharan,6800 €,EGLY,09/09/2022
Voiture A6,6300 €,SAVERNE,08/09/2022
Hyundai ix35,8000 €,LISTRAC MEDOC,08/09/2022
Véhicule Renault,17000 €,LE LAMENTIN,08/09/2022
Ford Ranger 2.5TDCI 4x4-Maxi 87000KM Clima -2010TB,9950 €,PARIS 18EME ARRONDISSEMENT,07/09/2022
PEUGEOT 208 1.0 VTi ACCESS 68ch 2012 3 portes.,6600 €,L UNION,07/09/2022
307 2L HDI,2000 €,STE PAZANNE,07/09/2022
Golf 6 GTD année 2012,11000 €,PARIS 13EME ARRONDISSEMENT,07/09/2022
PEUGEOT 208 ALLURE DIESEL GRIS ARTENSE,20500 €,SIX FOURS LES PLAGES,07/09/2022
En l état,2200 €,MONTOIR DE BRETAGNE,07/09/2022
3008 GT,29900 €,RONCQ,07/09/2022
Nissan Juke pack start stop,7900 €,PONTAULT COMBAULT,06/09/2022
Clio,600 €,LE CHAMBON FEUGEROLLES,06/09/2022
Véhicule Peugeot 207 HDI,2000 €,CRANVES SALES,06/09/2022
Audi A4,13800 €,ST AMAND LONGPRE,06/09/2022
C3,400 €,ALLOUAGNE,06/09/2022
Recherche une voiture sans permis urgent,600 €,ALENCON,06/09/2022
Aixam Chatenet Media,3500 €,LE PITON STE ROSE,06/09/2022
FORD BMAX,1900 €,BASSE TERRE,05/09/2022
Golf7 gte,28900 €,MELUN,05/09/2022
Citroën C2,2000 €,GERMOLLES,05/09/2022
Voiture de collection,5000 €,ANDON,05/09/2022
Véhicule Suzuki essence,1000 €,COLOMBES,05/09/2022
Scenic phase 1 diesel dti,1 €,OZOUER LE VOULGIS,05/09/2022
Achat,1300 €,LA MACHINE,05/09/2022
BMW 320 d,18500 €,MOUSSOULENS,05/09/2022
C3 Picasso,2950 €,CHOUZE SUR LOIRE,05/09/2022
4x4 a remettre en état,1500 €,PAMANDZI,05/09/2022
Nissan Qashqai,18700 €,ST LAURENT DE LA SALANQUE,05/09/2022
Pour pièces,500 €,QUIMPER,04/09/2022
Voiture en état de marche,1000 €,TROIS RIVIERES,04/09/2022
Mercedes diesel break,2000 €,LA TRINITE SUR MER,04/09/2022
Pour pièces ou complète,350 €,GRENOBLE,04/09/2022
Suzuki Vitara AllGrip,10500 €,STE LUCE,04/09/2022
C8 2005,2200 €,L ISLE ADAM,04/09/2022
AUDI A1 - BOITE AUTOMATIQUE,13500 €,PLABENNEC,04/09/2022
Véhicule de collection,1500 €,CHATEAU CHINON CAMPAGNE,04/09/2022
Nouvelle Sandero stepway,15500 €,ALLY,03/09/2022
Occasion,5000 €,VALROS,03/09/2022
Renault twingo 3,10200 €,LANNILIS,03/09/2022
Volkswagen tiguan,8000 €,NEVERS,03/09/2022
Peugeot 205 Junior,500 €,TOUVOIS,03/09/2022
Nissan Micra 1.5 dCi,1400 €,JARNY,02/09/2022
Voiture,1800 €,ST PAUL,01/09/2022
Toyota Auris 4D4D,2400 €,CRAPONNE,01/09/2022
Alfa Roméo,4500 €,LIMOUX,31/08/2022
Peugeot 106 ten,500 €,ST GERVAIS,31/08/2022
Pajero,4000 €,VALROS,31/08/2022
Peugeot 207 1.6hdi,5000 €,LA RIVIERE,31/08/2022
Peugeot 207 HDi modèle 2006,4190 €,LA ROCHE SUR YON,31/08/2022
Mercedes S 350 L phase 2 de 2010,17500 €,MENTON,31/08/2022
"Peugeot 207 SW1, 6HDi SportKlimaanlage, Panorama",1500 €,NANCY,31/08/2022
Peugeot 4008 HDI 150 FAP STT 4WD,17500 €,LIMAS,31/08/2022
Opel CORSA,1200 €,LEMPDES,31/08/2022
Peugeot 407,2500 €,LE CAP D AGDE,30/08/2022
Citroen Xantia,1500 €,LANGOGNE,30/08/2022
Panda fiat,4000 €,LA PESSE,30/08/2022
Toyota Yaris blanche,13200 €,ARRADON,30/08/2022
Véhicule,200 €,RIANS,30/08/2022
Dauphine Compétition,,ILLZACH,30/08/2022
Renault Dauphine proto,,ILLZACH,30/08/2022
Hot-Rod de livraison,,MODENHEIM,30/08/2022
Delivery machine,,ILLZACH,30/08/2022
A acheter VW,2000 €,BEDOIN,30/08/2022
Street-rod,33000 €,ILLZACH,29/08/2022
Je recherche véhicule,1000 €,DOL DE BRETAGNE,29/08/2022
208 diesel 1.6  l hdi,8700 €,ST AMAND MONTROND,29/08/2022
Citroën Berlingo état neuf,12750 €,ST GILLES,29/08/2022
Renault scenic,14500 €,LOUVOIS,29/08/2022
Voiture en état,1000 €,CANNES,28/08/2022
BMW série 3,1800 €,MOULINS,28/08/2022
Citroën C6  2L2 FAP BUSINESS 173,9500 €,CHAUFFAILLES,28/08/2022
Nissan gtr,59900 €,DAMPARIS,28/08/2022
Clio 4 intens rouge,13990 €,CEBAZAT,28/08/2022
Mercedes GLA Sensation 200 4Matic,20000 €,DOLE,28/08/2022
Scenic 4 faible kilometrage,18500 €,L UNION,27/08/2022
Clio TCE 100 zen 4600 kms état neuf,15990 €,ST DOULCHARD,27/08/2022
Dacia,9500 €,CANET EN ROUSSILLON,27/08/2022
Voiture boite auto,11000 €,MONS EN BAROEUL,27/08/2022
CAMPING CAR,1 €,LA LIMOUZINIERE,27/08/2022
HYUNDAI I30 FASTBACK,26000 €,CLOUANGE,27/08/2022
Audi S5 Cabriolet V6 3.0 TFSI 333 Quattro S Tronic,22000 €,DOUVAINE,26/08/2022
RENAULT CAPTUR,14900 €,MONTAMISE,26/08/2022
Audi A1,12200 €,LEOGNAN,26/08/2022
Bmw,1600 €,GRAINVILLE LA TEINTURIERE,26/08/2022
Grand scenic 4. HDI noir  7places,13600 €,BLANQUEFORT,26/08/2022
Peugeot 508 GT,18900 €,VERDUN,25/08/2022
C3 pluriel sans toit,300 €,TOURCOING,25/08/2022
Alfa Roméo 147 édition persol,2500 €,BEAUVAIS,25/08/2022
Urgence: recherche voiture,2000 €,ROYAN,25/08/2022
RENAULT KADJAR,10700 €,LE DIAMANT,25/08/2022
BMW 330 d e90,6000 €,LISIEUX,25/08/2022
2 cv Citroën,7000 €,ESQUERDES,25/08/2022
Bonne occasion,11500 €,ANNECY,25/08/2022
DACIA SANDERO 1.4 MPI 75 CV,2990 €,COURCOURONNES,25/08/2022
Twingo Éco 2,4600 €,MONCHY ST ELOI,25/08/2022
Citroën c5,4500 €,AMPHION LES BAINS,25/08/2022
Hyundai getz,2500 €,STE MARIE,25/08/2022
Renault Clio 1.3 tce 130 edc edition one,20000 €,LAVAL,25/08/2022
FORD KUGA SPORTLINE INDIVIDUAL,8000 €,ST ESPRIT,25/08/2022
Peugeot 3008 Diesel automatique 2018,21500 €,BOUC BEL AIR,24/08/2022
Q3 150ch ambition finition s-line,26000 €,AUXERRE,24/08/2022
BMW Série 1,23000 €,MORNE A L EAU,23/08/2022
Touran 7 places,8500 €,FACHES THUMESNIL,23/08/2022
Voiture manuelle Mercedès 210 A  de 2002,1100 €,ST GENIS POUILLY,23/08/2022
Opel MERIVA TWINPORT ENJOY 1.4,5000 €,LEZENNES,23/08/2022
Bonne affaire,16500 €,EYRAGUES,23/08/2022
Peugeot 106,700 €,EYMEUX,23/08/2022
Mercedes Vito 112 aménagé,14500 €,CASTRES,23/08/2022
DS 3 / Excellent état,9999 €,PLESIDY,23/08/2022
Voiture en très bon état refaite entièrement,13000 €,MONTBARROIS,23/08/2022
Mercedes cabriolet classe E220 automatique,14500 €,SIX FOURS LES PLAGES,23/08/2022
Audi A4 2.7 TDI V6 S LINE,8000 €,VITROLLES,23/08/2022
Opel Zafira,500 €,GARGES LES GONESSE,23/08/2022
Pieces opel astraf,,CONTRES,23/08/2022
Ford fiesta 90 ch,2 €,LE PITON ST LEU,23/08/2022
Voiture sans permis sous garantie,12000 €,MARGUERITTES,23/08/2022
Bmw serie 1,11000 €,ST FELIU D AMONT,22/08/2022
Captur intens energy Tce120. Essence,14800 €,BATZ SUR MER,22/08/2022
Citroën c2 essence,750 €,BAIS,22/08/2022
Renault twingo,800 €,TOURCOING,22/08/2022
FORD RANGER XLT sport super cabine,28000 €,ST BRESSOU,22/08/2022
Golf 4 essence,1500 €,AULNAY SUR MAULDRE,22/08/2022
Nissan PatrolGR,300 €,VAYLATS,22/08/2022
"Alfa Roméo 159 1,9l 150 CV -Modèle distinctive",2500 €,ST ESPRIT,22/08/2022
Véhicule,8500 €,CARCASSONNE,21/08/2022
Golf plus année 2006,2700 €,DRAGUIGNAN,21/08/2022
Voiture ancienne,6200 €,MENNEVRET,21/08/2022
Peugeot 2008 GT – PureTech 130cv – EAT8,28900 €,LOUGRES,21/08/2022
Citroën Saxo,3500 €,BOIS DE NEFLES ST PAUL,21/08/2022
Audi A1,9000 €,TREGUEUX,20/08/2022
Voiture sans permis très bon état,6000 €,NIORT,20/08/2022
Ch petit véhicule automatique,2000 €,LE BOUSCAT,20/08/2022
Voiture Hyundai accent,1100 €,LAGNIEU,20/08/2022
Voiture Twingo Intens,13000 €,TOULOUSE,20/08/2022
Pièces détachées,2000 €,ROUBION,20/08/2022
Ford mustang gt 2 de 2005,31000 €,LA CRAU,20/08/2022
Eco Sport Titanium,9500 €,LES TROIS ILETS,20/08/2022
Twingo,10000 €,TOULON,19/08/2022
206,300 €,PORTIRAGNES,19/08/2022
SKODA OCTAVIA,1800 €,ST DENIS,19/08/2022
BMW Z3,6500 €,LA CHARTRE SUR LE LOIR,19/08/2022
Urgence véhicule,1500 €,ROUEN,19/08/2022
Véhicule dispo,22500 €,CHISA,19/08/2022
Citroen  C2,3200 €,LORIENT,19/08/2022
Citroen C3,3000 €,LILLE,19/08/2022
Peugeot 207 1. 6hdi 90,1800 €,MERIGNAC,19/08/2022
Pt cruiser Chrysler.,850 €,FORT DE FRANCE,19/08/2022
Citadine Twingo III,8000 €,SEGRE,19/08/2022
Mitsubishi L200 black collection,34000 €,COLLONGES,18/08/2022
Mercedes classe e,34000 €,LILLE,18/08/2022
Chevrolet captiva,5000 €,TROIS RIVIERES,18/08/2022
FIAT PANDA hobby  année 2000,2000 €,PUYLAROQUE,18/08/2022
Voiture,48000 €,ST JEURES,18/08/2022
Audi A4,11000 €,ST PAUL,18/08/2022
1926 PEUGEOT 172 BC Cabriolet,12000 €,EGLISE NEUVE DE VERGT,18/08/2022
Je recherche un véhicule d'occasion,1000 €,AJACCIO,17/08/2022
Citroën C-Crosser HDi 160 FAP Attraction,5500 €,CHASSENEUIL DU POITOU,17/08/2022
Voiture de Mme,17500 €,VALLIERES,17/08/2022
Range Rover Essence,31300 €,SOISY SUR SEINE,17/08/2022
106,600 €,LE QUATORZIEME,17/08/2022
Peugeot 3008 hdi 1. 6 hdi 112ch,3100 €,KOUNGOU,16/08/2022
4x4,1700 €,LE ROBERT,16/08/2022
Audi S3 2L TFSI 265cv Quattro,19500 €,ST SIXTE,16/08/2022
"Opel Zafira 1. 7, 110cv an 2010",5500 €,GAUJAC,16/08/2022
3008,8500 €,BAVANS,16/08/2022
Dacia Sandero Stepway III,13000 €,MONTFERRAND LE CHATEAU,16/08/2022
TOYOTA AYGO 1. 0 VTT-IX-PLAY 5p,8650 €,TOULOUSE,15/08/2022
Range Rover pour pièces,200 €,ORROUY,15/08/2022
Cause départ,120000 €,BELLE PIERRE,15/08/2022
"AUDI A3 1, 6 TDI  23 / 11 / 2011, 105 CV, START / STOP. 139990 KM, 8950 E.",8800 €,BREST,15/08/2022
Bipper tepee 1.3 hdi  4 cv toutes options,5500 €,GUILHERAND GRANGES,15/08/2022
Peugeot 398 GT-line,16000 €,TRELAZE,15/08/2022
Caddy  volkswagen,9450 €,LE CANNET,15/08/2022
Peugeot 307 SW,2800 €,LONGJUMEAU,15/08/2022
Peugeot 206 en bon état,1000 €,FORT DE FRANCE,14/08/2022
Microcar,8000 €,JOURNIAC,14/08/2022
Urgent départ début Septembre 206+,3000 €,REMIRE MONTJOLY,13/08/2022
Jaguar Space,30000 €,LE ROBERT,13/08/2022
C3 essence 2013 moteur à refaire,1500 €,CHAPONOST,13/08/2022
Peugeot Partner Tepee 1.6 Hdi,6500 €,ASSE LE RIBOUL,13/08/2022
SKODA MONTE CARLO,15000 €,LE VAUCLIN,13/08/2022
Daewoo Nexia,10 €,STE CROIX VOLVESTRE,13/08/2022
Renault Scénic,3300 €,CAEN,12/08/2022
Ford escort 1.8 td de 1998 pour pièces roulantes,500 €,SOTTEVILLE LES ROUEN,12/08/2022
BMW 316i,3500 €,AULNOY,12/08/2022
AIXAM City Evo,2350 €,VARENNES ST SAUVEUR,12/08/2022
PEUGEOT 308 GTLINE,18000 €,CUBLIZE,12/08/2022
Nissan Qashqai,5000 €,PORT LOUIS,11/08/2022
"C3 feel essence 83cv de 12-2021, 2100 km et garant",14420 €,LAILLE,11/08/2022
Bmw x1 sport Drive 18D  automatique,27000 €,FAVEROLLES,11/08/2022
Location de véhicule,19 €,PETIT CANAL,11/08/2022
Voiture occasion peugeot 508 sw,13000 €,LEMBERG,11/08/2022
NISSAN X-TRAIL 2006. 2. 2L DIESEL,1500 €,LE FRANCOIS,11/08/2022
AUDI A3 SPORTBACK 2. 0 TDI 150CH S-TRONIC de 2014,13500 €,GUENANGE,11/08/2022
Clio blanche,1300 €,LE PORT ZUP,11/08/2022
Peugeot  2008,22000 €,VALDAHON,10/08/2022
PEUGEOT 308 MODEL 2008 TURBO DIESEL,2850 €,ST DENIS,10/08/2022
Range Rover EVOQUE CABRIOLET en parfait état,39500 €,CANNES,10/08/2022
Seat Altea XL 140 HDI STYLANCE FAP,7000 €,TOULOUSE,10/08/2022
Hyundai coupé 1. 6i FX,4900 €,FREMENIL,10/08/2022
Renault Modus 4cv 70ch,2850 €,BLOIS,09/08/2022
Véhicule CAPTUR,21000 €,ST PIERRE,09/08/2022
Facture a l'appui,900 €,RIOUX,09/08/2022
Mégane coupé,3500 €,BUGNEIN,09/08/2022
407 HDi 6 chevaux dans l etat,500 €,ST OMER,09/08/2022
Saxo Citroën,250 €,ENTRE DEUX,09/08/2022
Citroen berlingo,6200 €,MONTELIMAR,08/08/2022
Clio 5rs line,18000 €,ST BENOIT,08/08/2022
BMW,4500 €,VIGNEUX SUR SEINE,08/08/2022
Ford fiesta grise essence bon état,1750 €,VENISSIEUX,08/08/2022
Golf plus,2500 €,GIGEAN,08/08/2022
"Fiat Tipo 1,6 Perfect",300 €,STE CROIX VOLVESTRE,08/08/2022
Renault Twingo II 1.2 LEV 16v 75 eco2,3950 €,CHATEAUROUX,08/08/2022
OPEL ADAM,7000 €,STE CLOTILDE,08/08/2022
Dacia Sandero,4500 €,ST DENIS CHAUDRON,08/08/2022
Renault Twizy,12000 €,LES ABYMES,07/08/2022
Volkswagen golf 6,5499 €,VANNES,07/08/2022
Changement de véhicule,17500 €,ST DENIS,07/08/2022
Nissan Juke  DIG. T TECKNA  Caméra Vision 360°,13990 €,ARRAS,06/08/2022
Pour pièces détachées cause départ,456 €,DONGES,06/08/2022
Renault Mégane,2000 €,ST GERMAIN DU CORBEIS,06/08/2022
Toyota corolla GR SPORT hybride,30000 €,LA TRANCHE SUR MER,06/08/2022
Pneus pour Mégane,25 €,REDESSAN,06/08/2022
Clio 3,3000 €,ST PAUL,06/08/2022
208 grise,8000 €,ORIGNY EN THIERACHE,05/08/2022
207 société 2 places,4500 €,CHAMPVANS LES MOULINS,05/08/2022
CHEVROLET Matiz 0.8 E  4 cv,2500 €,RUAUDIN,04/08/2022
Bonne occasion à saisir,1400 €,CAEN,04/08/2022
Voiture,2500 €,VERN SUR SEICHE,04/08/2022
Suzuki Swift rouge,15000 €,LE TAMPON,04/08/2022
MORRIS MINOR 1000 cabriolet,20000 €,VALENCIENNES,04/08/2022
BMW X1 sDrive 18d,7999 €,AURIOL,04/08/2022
Clio 2,1100 €,STE ROSE,04/08/2022
Ford EcoSport 1. 0 ecoboost 125 titanium (2017),14600 €,ANDREZIEUX BOUTHEON,04/08/2022
RENAULT CLIO IV,7500 €,PLOERMEL,03/08/2022
VEHICULE Q5 PREMIERE MAIN,26999 €,CAYENNE,03/08/2022
Nissan Xtrail,17500 €,RIVIERE PILOTE,03/08/2022
Berlingo Citroën,2200 €,CHATENAY MALABRY,03/08/2022
Location Twingo,200 €,CHAMPDIEU,03/08/2022
Opel mokka,6500 €,STE ROSE,03/08/2022
Voiture sans permis,9000 €,LA RIVIERE,03/08/2022
Causes maladie cède 306 HDi,1000 €,CAHORS,03/08/2022
Voiture,500 €,FORT DE FRANCE,02/08/2022
Voiture,27000 €,ST GILLES LES HAUTS,02/08/2022
Polo cross volkswagen,12900 €,MIREVAL,02/08/2022
Peugeot 208 Pure Tech 100 S&S EAT8 Allure,14500 €,PLENEUF VAL ANDRE,02/08/2022
Citroën xm année 2000,4930 €,CHARTRES,01/08/2022
208 gt line,20250 €,MOUILLERON LE CAPTIF,01/08/2022
Opel Adam s,10000 €,AMANVILLERS,01/08/2022
Mercedes CLK 3. 2 v6,1400 €,ROGNES,01/08/2022
Peugeot 208,11000 €,LOUZY,01/08/2022
Audi,2000 €,AUXERRE,01/08/2022
Clio gt line dci,12990 €,MITTELWIHR,31/07/2022
Renault cabriolet Cc,3500 €,ST DENIS,31/07/2022
Skoda Karoq 1. 0 TSI 116 Ambition,18450 €,ST JULIEN SUR BIBOST,31/07/2022
3008 GT PACK Blue HDI 130Cv Toit Pano,38650 €,WITTENHEIM,31/07/2022
Année 2003    112000km,2200 €,CHERVES RICHEMONT,31/07/2022
Citroën C1 bon état de marche,1800 €,ST DENIS,31/07/2022
Suv,30000 €,STE SUZANNE,31/07/2022
Mazda 6 mzrcd,4000 €,URRUGNE,31/07/2022
Captur intense dci 115 EDC,18500 €,BORNEL,30/07/2022
Voiture dans l état,600 €,PLAISIR,30/07/2022
Peugeot 806,2200 €,BRETIGNY SUR ORGE,30/07/2022
Super 5 joint de culasse à faire pneu neuf,400 €,BRANDONNET,29/07/2022
C5,1000 €,CHAMPAGNAT,29/07/2022
Nissan Juke,8000 €,AUBY,29/07/2022
Vehicule 4x4 bmw x6 drive 35 286ch,18500 €,SIN LE NOBLE,29/07/2022
Alfa Roméo GT Q2 de 2008,6300 €,MARBOZ,29/07/2022
C1 2009,4000 €,GAILLAC,29/07/2022
Fiat punto serie 1,1200 €,DONNEMARIE DONTILLY,29/07/2022
Zx 1992,200 €,COMMELLE VERNAY,29/07/2022
Renault megane 2 cc 2L dci 150ch luxe dynamique,3200 €,YERRES,29/07/2022
Occasion unique,1500 €,MUNCHHAUSEN,28/07/2022
T. B 309 GL Profil 75 cv 5 portes blanc TBE 1350 €,1350 €,ST PAUL DES LANDES,28/07/2022
Voiture ecologie  très propre,12500 €,PARIS 12EME ARRONDISSEMENT,28/07/2022
Voiture très bien entretenue,25000 €,ST LAURENT DU MARONI,28/07/2022
Peugeot 207CC,5000 €,GIF SUR YVETTE,27/07/2022
Mercedes C220,3000 €,MAURIAC,27/07/2022
Ford C Max Ghia 2l 136ch,2900 €,LOMPNIEU,27/07/2022
Audi S3 cabriolet,28000 €,LYON 2EME ARRONDISSEMENT,27/07/2022
Mercedes classe E,6500 €,DOUAI,27/07/2022
Citroën C4 en boite auto en bon état,9000 €,BOBIGNY,27/07/2022
Audi A3 berline,13500 €,ST PAUL LES DAX,27/07/2022
Renault mégane 2 sans controle technique,10 €,ILLKIRCH GRAFFENSTADEN,27/07/2022
Mercedes gla 200,23000 €,COSNES ET ROMAIN,27/07/2022
Affaire Scirocco 2L TDI Boîte DSG6,7400 €,SCHOELCHER,26/07/2022
Véhicule état neuf.,13500 €,ST GILLES LES BAINS,26/07/2022
Pour passer les vacances,1400 €,NARBONNE,26/07/2022
4x4 Toyota,9000 €,RAYOL CANADEL SUR MER,26/07/2022
"Peugeot 206 bon état général, fonctionne très bien",1000 €,MENSIGNAC,26/07/2022
C3 Noir,3800 €,ROUBAIX,26/07/2022
Recherche voiture,10 €,FORT DE FRANCE,25/07/2022
Suzuki grand vitara 3 portes 1.9 DDIS pack 8 CV,7000 €,BAR SUR AUBE,25/07/2022
Renault Mégane,4000 €,LA RIVIERE,24/07/2022
Xsara Citroën,400 €,PALAISEAU,24/07/2022
Pick-up Nissan Navara bonne occasion,9000 €,STE MARIE,24/07/2022
MAZDA 6 BREAK SPORT 2.0 16V 136CV,1 €,VILLE LA GRAND,24/07/2022
HYUNDAI TUCSON,3500 €,ST JOSEPH,24/07/2022
Citroën c3 air cross suv blue hdi 110 &bvm6 c-seri,21000 €,ALBA LA ROMAINE,24/07/2022
Ds3 cabrio,7900 €,OUISTREHAM,23/07/2022
CABRIOLET STRATUS V6 2.5L BA DE 2001,5900 €,CHAMPIGNY SUR MARNE,23/07/2022
X3 3.0D Msport full options,35000 €,FAULQUEMONT,23/07/2022
Mini cooper sd all 4,11800 €,ST JEAN DE MOIRANS,22/07/2022
3 Nouvelle AUDI Q3 SportBack 40TDI 200 CH QUATTRO,53490 €,FONSORBES,22/07/2022
Chrysler crossfire noire,11500 €,CAMPILE,21/07/2022
Hyundai santa fé année 2008,3000 €,LA POSSESSION,21/07/2022
Audi A4 Avant 150 ch DESIGN LUXE Ba 7,22000 €,LE MANS,21/07/2022
C4 Cactus Blue-HDI 100 S&S BVM,17100 €,CAUVICOURT,21/07/2022
C3 C-Série Puretech83 S&S,14000 €,CAUVICOURT,21/07/2022
Voiture,4000 €,TOULON,21/07/2022
TWINGO life3 année 2022,11700 €,HYERES,21/07/2022
Renault Clio,3900 €,ST ANDRE,21/07/2022
Voiture de collection,8000 €,FONTENILLES,20/07/2022
Voiture,1200 €,BAYONNE,20/07/2022
Toyota Avensis lll break sw 126 ch d-4d,6850 €,ANDRESY,20/07/2022
Peugeot 308 130cv,15000 €,ST ANDRE,20/07/2022
Mini roadster 122 cv gris foncé,1 €,CAHORS,20/07/2022
Bonne occasion,6000 €,BERGERAC,20/07/2022
Alfa gt ct ok,2000 €,ASTILLE,19/07/2022
Changement de véhicule,8000 €,CARPENTRAS,19/07/2022
Madza 2 bleu ciel.,400 €,LAMENTIN,19/07/2022
Opel Corsa,3500 €,VACQUEYRAS,19/07/2022
Peugeot 306 1L9 diesel,500 €,RINXENT,18/07/2022
Coupé mercedes CLK 270 CDI,8000 €,PLOEREN,18/07/2022
La belle de l'année,5000 €,GUISE,18/07/2022
Scenic 1998,350 €,ST SULPICE SUR LEZE,18/07/2022
Peugeot 407,2500 €,LE MANS,18/07/2022
Duster gris clair,7200 €,SOUSTONS,18/07/2022
MITSUBISHI L200 2.5TD DOUBLE CAB INTENSE,14500 €,PECHBONNIEU,18/07/2022
Voiture neuve,15500 €,LA RIVIERE,18/07/2022
308cc 2.0 HDI Édition Black and White,9700 €,LE VERSOUD,18/07/2022
Fiat  punto,600 €,ORBEC,18/07/2022
RENAULT SCENIC III Authentique DCI 95 Eco2,5600 €,BRUGES,17/07/2022
T roc volkswagen,23500 €,GRENOBLE,17/07/2022
Nombreuses pièces Golf 3 TDI,20 €,ST PARGOIRE,17/07/2022
CITROËN PICASSO C3 HDI 90 CH ROSSIGNOL,5000 €,LYON 8EME ARRONDISSEMENT,17/07/2022
Renault Twingo,3400 €,GRAND BOIS,17/07/2022
307cc deuxième main,4700 €,CAVAILLON,16/07/2022
En l état 207 cc,1500 €,VANNES,16/07/2022
Range Rover,17800 €,CARCASSONNE,16/07/2022
Audi a 3 140ch s line,5800 €,DECINES CHARPIEU,16/07/2022
Renault senic,650 €,NANTERRE,16/07/2022
Citroën Picasso,1500 €,AUXERRE,16/07/2022
Citroën C4 pure tech 110ch finition Millenium,10500 €,VALDOIE,15/07/2022
En l état,600 €,SEYNOD,15/07/2022
Opel Crossland X,17000 €,HYERES,15/07/2022
Voiture occasion,1200 €,LE HAVRE,15/07/2022
Voiture pour marchand ou garage,1200 €,DIJON,15/07/2022
Voiture,2000 €,MONTBARD,14/07/2022
Pièces détachées,100 €,MULHOUSE,14/07/2022
Très belle mercedes,5000 €,BIHOREL,14/07/2022
Voiture ford fiesta,500 €,LE GOSIER,14/07/2022
Rachat toute type de voiture,500 €,PARIS 6EME ARRONDISSEMENT,14/07/2022
Voiture,3000 €,ST JOSEPH,13/07/2022
Voiture occasion,12500 €,LA ROCHE SUR YON,13/07/2022
BMW X1 4x4,9500 €,CROZET,13/07/2022
Renault partner,10000 €,LA PLAINE DES PALMISTES,13/07/2022
Golf boîte automatique 5 portes,5700 €,ARGENTEUIL,13/07/2022
Hyundai i10,9000 €,HIRSON,12/07/2022
Ford Ka 2010,4500 €,VILLENAVE D ORNON,12/07/2022
Fiat 500 D à restaurer,4000 €,NICE,12/07/2022
Polo Volkswagen noir,7000 €,COLOMBES,12/07/2022
"Renault Clio 1. 9d 195000 km, en état de marche.",300 €,TOULON,12/07/2022
Citroen Picasso C4 année 2008 toute options,2500 €,WAZIERS,12/07/2022
Affaire beau CX-3,19000 €,FORT DE FRANCE,12/07/2022
Renault megane de 1997 pour pièces,250 €,SAVERDUN,11/07/2022
Simca 1500 en bon état et prête pour partir,9000 €,BOURGES,11/07/2022
Golf Bon Jovi en l'état 1996 75ch,200 €,VIGNOLS,11/07/2022
Peugeot 301,7000 €,MAMOUDZOU,11/07/2022
Touran TDI 1.6 Diesel 2011 - 5 places,7200 €,NANTES,11/07/2022
4x4 Mitsubishi L200,13000 €,LE TAMPON,11/07/2022
Pour pièces Clio roulante accidentée 130000 kms,1000 €,PACE,11/07/2022
Rare modèle de cabriolet,7900 €,LANEUVEVILLE DEVANT NANCY,11/07/2022
Peugeot 406 hpi,1000 €,DRAGUIGNAN,11/07/2022
Bmw 320D E46,2700 €,LES ANDELYS,11/07/2022
Peugeot RCZ,10500 €,LE MORNE ROUGE,10/07/2022
Camion très bon état,800 €,NEVERS,10/07/2022
Citroën berlingo a débattre,1300 €,CHERRE,10/07/2022
Xantia,800 €,VILLEDIEU SUR INDRE,10/07/2022
Porsche boxster,22500 €,OETING,10/07/2022
Achat CLIO 1 ou 2,4000 €,VERSAILLES,09/07/2022
Lancia Ypsilon très bon état,7300 €,PARIS 11EME ARRONDISSEMENT,09/07/2022
Fiat Panda 1300 Multijet,8300 €,ANNOT,09/07/2022
Mercedes classe C 220 break,3400 €,AMIENS,08/07/2022
Mini cabriolet Cooper headon steet,28500 €,CASTELLAR,08/07/2022
VSP Aixam 500. 4,2900 €,LE PORT MARINE,08/07/2022
Ford ranger pick-up,23500 €,LIGNAN DE BAZAS,08/07/2022
Clio 4       2 places société,5500 €,ARRAS,08/07/2022
Citroën Jumpy,6000 €,GONFARON,08/07/2022
Citroën C4 2,15000 €,PLOGOFF,08/07/2022
Voiture Peugeot 207,4100 €,LINGUIZZETTA,08/07/2022
Avec attache remorque,14900 €,DOUVRES,08/07/2022
AudiA4,3300 €,MARSEILLE 15EME ARRONDISSEMENT,07/07/2022
Mercedes,1800 €,NOGENT SUR MARNE,07/07/2022
RENAULT 21,500 €,AUGAN,07/07/2022
Pickup toyota,21500 €,MONCALE,07/07/2022
Peugeot partner,2800 €,HEROUVILLE,07/07/2022
Opel antara 2.2 cdti,2000 €,ST ESPRIT,07/07/2022
"Mégane 2 1, 6 16 v",1800 €,FRAMICOURT,07/07/2022
Renault kangoo,6500 €,ST ANDRE,07/07/2022
Citroën C3 en l'état,500 €,MAUCOR,07/07/2022
Mini cooper 5 porte 136 ch bva7  blanc mineralwith,19000 €,LABARTHE SUR LEZE,06/07/2022
Audi q3 tdi quattro 2.0 150cv,16500 €,BENQUET,06/07/2022
"Urgent, remplacement d'un véhicule",2000 €,VESSEAUX,06/07/2022
Belle touareg a vendre,6500 €,CAGNES SUR MER,06/07/2022
Opel Corsa,6500 €,CAYENNE,06/07/2022
Fiat panda,1000 €,MONTCLAR,06/07/2022
Toyota Starlet,1900 €,CAYENNE,06/07/2022
Espace 3 2l2,250 €,BRETIGNY SUR ORGE,06/07/2022
Peugeot 206+ diesel,3500 €,CHINON,06/07/2022
Bmw 135i cabriolet pack M,21000 €,LA GAUDE,06/07/2022
Véhicule  Twingo,2300 €,SAVIGNY LE TEMPLE,06/07/2022
Voiture 508 peugeot,4900 €,CHATEAUBRIANT,06/07/2022
RENAULT ARKANA 1.3 TCE 140 RS LINE EDC,30500 €,CHENNEVIERES SUR MARNE,06/07/2022
Location voiture,18 €,ST DENIS,05/07/2022
Toyota CHR,23900 €,RENNES,05/07/2022
Cherche véhicule d'occasion,2000 €,MOUTHOUMET,05/07/2022
Ford B-max ethanol,7800 €,LE PLESSIS GRAMMOIRE,05/07/2022
Bonne affaire,1800 €,BOURGES,05/07/2022
PEUGEOT 205 GRD,700 €,FONSORBES,05/07/2022
OPEL ZAFIRA,2000 €,NOISY LE GRAND,05/07/2022
Peugeot 309 SR,300 €,PLANCHER LES MINES,05/07/2022
Renault Megane,16500 €,LUBERSAC,05/07/2022
Achat voiture d'occasion,1500 €,FORT DE FRANCE,05/07/2022
Audi A3 1. 9 TDi,300 €,LE BOURG D IRE,05/07/2022
205,1390 €,LIVRY GARGAN,05/07/2022
Bonne occasion à saisir,500 €,VITTEAUX,05/07/2022
Peugeot 308 année 2010 250000km,2700 €,SANNOIS,05/07/2022
Voiture en bon état à vendre,1200 €,COMBS LA VILLE,05/07/2022
"Clio phase 4 de 2016 CT ok, pneu avant neufs",3900 €,FERRIERES,05/07/2022
Nissan pulsar,13800 €,FORT DE FRANCE,04/07/2022
Bonjour Je cherche à acheter une voiture,200 €,LONGUES,04/07/2022
Voiture cabriolet 308 CC,11000 €,SIMANDRE,04/07/2022
BMW 316d M Sport,22000 €,BRUNVILLERS LA MOTTE,03/07/2022
Clio,10300 €,ROMAINVILLE,03/07/2022
Voiture rover 75,800 €,CADILLAC,03/07/2022
Dacia sandero step way blanche,10900 €,ANZIN,03/07/2022
Peugeot 406,900 €,MARGON,03/07/2022
Achat voiture sans permis,2500 €,VAUX LE PENIL,03/07/2022
C-max,1500 €,FLEURY MEROGIS,02/07/2022
Pneu bridgeston 255 / 55R18,300 €,VILLENEUVE LA GARENNE,02/07/2022
Voiture d'occasion,7500 €,CHALETTE SUR LOING,02/07/2022
Cause départ,4500 €,FORT DE FRANCE,02/07/2022
307 2. 0 HDI,2500 €,BOUILLANTE,02/07/2022
OPEL CORSA C 1.7 DTI,2500 €,LE PITON ST LEU,02/07/2022
Peugeot expert 20hdi,4000 €,LE LORRAIN,02/07/2022
"Volkswagen Polo 1.4i 16V (5 CV)*, Berline, Essence",900 €,MONTPELLIER,02/07/2022
SMART FORFOUR II 0.9 90 PASSION BVA6,14900 €,NANCY,02/07/2022
Peugeot 2008 GTLINE 130cv,26500 €,NICE,02/07/2022
C4 Grand Picasso rxclusive,5000 €,CAPDENAC GARE,02/07/2022
Peugeot 206 XS HDi,2850 €,BELFORT,02/07/2022
PEUGEOT 2008,10000 €,SADA,02/07/2022
BMW série 1,10000 €,RENNES,02/07/2022
Audi A6 Avus  STRONIC quattro 245 ch,17800 €,GRILLON,01/07/2022
Peugeot 508 Berline essence,16000 €,PREFAILLES,01/07/2022
HYUNDAI,1900 €,ST FRANCOIS,01/07/2022
106 enfant terrible,3500 €,MANTES LA JOLIE,01/07/2022
Voiture d occasion,4700 €,LE PASSAGE,01/07/2022
C3 2010 essence 80500 km 1. 4  ATTRACTION  5cv,5900 €,LA FERRIERE AUX ETANGS,01/07/2022
MINI COOPER,5500 €,AUBAGNE,30/06/2022
Dacia sandero 2017,6500 €,TOULON,30/06/2022
Parfait état ct OK aucun travaux à faire,2500 €,PERIGUEUX,30/06/2022
Tiguan 2.0l  140,7500 €,CROMAC,30/06/2022
Nissan Juke DCI 110 Teckna,6300 €,LE MALZIEU VILLE,30/06/2022
Occasion auto,600 €,NICE,30/06/2022
X5 2006,9000 €,CRETEIL,30/06/2022
Hyundai creative diesel boîte automatique de 2021,35000 €,LA ROCHELLE,29/06/2022
Suzuki,4500 €,GUJAN MESTRAS,29/06/2022
CLIO III Essence,5990 €,ST BRIEUC,29/06/2022
Renault Clio.,2600 €,JONAGE,29/06/2022
Renault Kadjar 130 CV intence,15500 €,DUNKERQUE,29/06/2022
Citroën C3,5000 €,SENS,29/06/2022
Discovery 3,5500 €,STE MARIE,29/06/2022
Jeep Copass,22000 €,STE MARIE,29/06/2022
Toyota Avensis D4D,1200 €,VITTEL,29/06/2022
Mercedes I4SW 200D 2.2,20500 €,LA FARE LES OLIVIERS,29/06/2022
"Totota Aygo 1,4 l  Diesel VP Confort",1 €,MONTAUBAN DE BRETAGNE,29/06/2022
Kangoo ct ok 15000 km 3 places,1 €,LE CANNET,28/06/2022
Santana vitara,800 €,STE ANNE,28/06/2022
Mitsubishi,500 €,DOUVILLE,28/06/2022
En vente dans l'état!,1000 €,MAUBEUGE,28/06/2022
PEUGEOT 208,6900 €,GARDANNE,28/06/2022
"Peugeot 207 SW HDI 1,6 Diesel",4000 €,MONTARGIS,28/06/2022
Citroen C3 Aircross faible kilométrage,18000 €,ECROSNES,28/06/2022
1 caractère,1200 €,KOUROU,28/06/2022
Peugeot 106 sans contrôle technique,500 €,CRUAS,28/06/2022
Dacia Sandero,4500 €,STE ROSE,28/06/2022
Ford mondeo 1999.,700 €,YERRES,27/06/2022
Volkswagen scirocco,12999 €,ST ANDRE LES VERGERS,27/06/2022
Peugeot Partner,2900 €,DUCOS,26/06/2022
MERCEDES BENZ E 320 AVANTGARDE BOITE AUTOMATIQUE 7,30000 €,ASCOUX,26/06/2022
Grand cherokee,3000 €,LE RUSSEY,26/06/2022
En état pour pièces,600 €,STE ANNE,26/06/2022
Renault clio2 1.5 dci 85ch dynamique clim pack CT,900 €,POINTE A PITRE,26/06/2022
BMW 140I BLANCHE 23CH 340CH BT MANUELLE PROPULSION,33900 €,LORIENT,26/06/2022
Toyota Yaris essence 2020,12500 €,BAN DE LAVELINE,26/06/2022
Voiture,21500 €,MONTIGNY EN GOHELLE,26/06/2022
Tiguan II 2L TDI DSG7 BLUEMOTION CARAT,20500 €,PETITE ILE,26/06/2022
Honda Civic 1.8 i-VTEC Executive Navi Cuir 140ch,3900 €,ST PAUL,26/06/2022
Renault Twingo ii 1.5 dci 65 expression,1300 €,CARRIERES SUR SEINE,26/06/2022
Clio 4 dci,8100 €,HERGNIES,25/06/2022
Véhicule pour pièces,700 €,ST CHAMAS,25/06/2022
PEUGEOT 208 1.2 PURETECH 82 ACTIVE 5P,10200 €,ROUEN,25/06/2022
C3 - URGENT CAUSE DÉPART,12500 €,LE DIAMANT,25/06/2022
GIULIETTA 1er MAIN,11500 €,LUNEL,25/06/2022
Fiat Punto. 2001,1000 €,BOURGOIN JALLIEU,25/06/2022
Renault Clio IV diesel Limited ENERGY DCI 90,14000 €,BEZIERS,25/06/2022
Audi A6,1500 €,CROMAC,24/06/2022
Renault  Grand Espace III 2. 2 TD,400 €,VILLEMOMBLE,24/06/2022
RENAULT CAPTUR TCE ESSENCE,10500 €,MAMOUDZOU,24/06/2022
Porsche 356 sc 90 hp,61500 €,PARIS 6EME ARRONDISSEMENT,24/06/2022
Peugeot 3008,18000 €,ST BENOIT,24/06/2022
Voiture Électrique de marque GEM E2 150kms,7500 €,LE PRADET,24/06/2022
Opel meriva,2800 €,BRESSOLS,23/06/2022
Citroën c Elysée,6000 €,AIGUES VIVES,23/06/2022
Cède Citroën Picasso,2000 €,DINARD,23/06/2022
Renault laguna diesel 110 cv,6499 €,LES MARTRES DE VEYRE,23/06/2022
Débarrasser,500 €,LE HAVRE,23/06/2022
Polo diesel grise,1800 €,PONT A MARCQ,23/06/2022
"RENAULT CLIO 4 ESTATE 1,5 DCI 90 BUSINESS",7500 €,ITEUIL,23/06/2022
Citroën Break C5 Tourer,10000 €,PLOUGASTEL DAOULAS,23/06/2022
Mercedes-Benz cla,17000 €,CHAMPAGNE AU MONT D OR,22/06/2022
Voiture au mois / weekend,1250 €,LA POSSESSION,22/06/2022
"IDÉAL POUR TRACTER TOUTE CARAVANE: PAJERO 3, 2 TD",36000 €,LEVALLOIS PERRET,22/06/2022
Citroën C4 Picasso 2009,2200 €,AVIGNON,22/06/2022
C4 2009 Citroën automatique,1000 €,LIMAY,22/06/2022
Ligier Ambra GLX,,BEUVRY,21/06/2022
"FIAT PANDA 2, Dynamic, 60ch, 1.2l, 8v, 4cv.",4260 €,MIGNE AUXANCES,21/06/2022
Véhicule occasion,1500 €,ST MARCELLIN,21/06/2022
Voiture,700 €,CUSSET,21/06/2022
Belle voiture,20000 €,RIVIERE PILOTE,21/06/2022
BMW X1 sDrive 18d 150 ch xLine,36500 €,PERET,20/06/2022
Cause déménagement,3000 €,ST FRANCOIS,20/06/2022
"Volkswagen touareg R5 2,5 TDI",6500 €,SALINDRES,20/06/2022
Velsatis état normal peu de kilomètres,1300 €,DUNKERQUE,20/06/2022
X-TRAIL année 2004,2500 €,CHATEAUNEUF LES MARTIGUES,20/06/2022
Twingo III,6000 €,ST LAURENT DU VAR,20/06/2022
Mercedes ML 270,5700 €,GUJAN MESTRAS,19/06/2022
Golf 7 diesel,18000 €,LIMANTON,19/06/2022
Clio 2,1650 €,PERPIGNAN,18/06/2022
FORD S MAX,10000 €,FLEAC,18/06/2022
Cause départ véhicule en excellent état,10200 €,LA VALENTINE,18/06/2022
Mercedes classe A amg line 189,27200 €,KNUTANGE,18/06/2022
Opel Meriva 1.7 CDTI 110 CV 2013 - 77000 kms,7690 €,CHANTEPIE,17/06/2022
Xsara Picasso pour pièce,600 €,CLUSES,17/06/2022
Citroën C2 pour pièces,1000 €,PLOUGASTEL DAOULAS,17/06/2022
Fiat Panda Hybride,12600 €,LE PRADET,17/06/2022
Mercedes classe c 200,12000 €,PARIS 10EME ARRONDISSEMENT,16/06/2022
Twingo,800 €,CHOLET,16/06/2022
Voiture 307,1550 €,GIVRY,16/06/2022
SUV HYUNDAI XI35 4X4 184 DIN,11500 €,BRIONNE,16/06/2022
PORSCHE BOXTER,9899 €,BAR LE DUC,16/06/2022
HYUNDAI KONA 1 0 T-Gdi 120CV LIMITED EDITION 3,18000 €,LES ABYMES,16/06/2022
Mini cooper 1l6 injection 115CV  3 portes,4000 €,PERPIGNAN,16/06/2022
Audi A3,12500 €,MARSEILLE 9EME ARRONDISSEMENT,15/06/2022
OPEL CROSSLAND X INNOVATION 1.6 ECOTEC,10900 €,SAUMUR,15/06/2022
Lancia Kappa 2.0,5000 €,DEAUVILLE,15/06/2022
Pour pièces,100 €,COURPIERE,15/06/2022
Peugeot 106,800 €,PERPIGNAN,15/06/2022
Ford éco sport,14000 €,ROMAINVILLE,15/06/2022
BMW Z4 20i E89 année 2012 116000km,30000 €,CORBEIL ESSONNES,15/06/2022
Véhicule double emploi,22000 €,GAMBSHEIM,14/06/2022
Part. Abarth Turismo E6D,19500 €,ANNECY LE VIEUX,14/06/2022
Peugeot 306 d,800 €,DIJON,14/06/2022
TOYOTA YARIS 2016 HYBRID,9900 €,ST LEU,14/06/2022
Citroën C3 2012 1L4  2400000 km,2800 €,SARCELLES,14/06/2022
URGENT,19000 €,CASE PILOTE,14/06/2022
"MINI COUNTRYMAN  finition LONGSTONE, ess 136 cv",27500 €,CASTRES,14/06/2022
Hyundai Kona Executive 5 portes,14500 €,ST PIERRE,14/06/2022
Renault Kangoo,3200 €,SIX FOURS LES PLAGES,14/06/2022
Citroën Grand C4 Picasso,19000 €,BLANQUEFORT,14/06/2022
Megane 2 1. 5 dci,400 €,BITCHE,14/06/2022
PEUGEOT 208 ALLURE,8500 €,BAIE MAHAULT,13/06/2022
Touran en bon etat,2800 €,ST GENIES DE COMOLAS,13/06/2022
Ml280cdi,3700 €,BISCARROSSE,13/06/2022
Citroen c5 2006 boîte automatique 2l 136 cv phase,400 €,MONTLUCON,13/06/2022
Hunday matrix,400 €,ST EUSTACHE LA FORET,13/06/2022
Disponible Citroen,5000 €,MORNE A L EAU,13/06/2022
Hyundai Tucson 2021,30000 €,REMIRE MONTJOLY,13/06/2022
308 SW gris anthracite,1500 €,NIMES,12/06/2022
Peugeot  207 1.6 hdi 110 chevaux 3000euro,3100 €,SAVIGNY SUR ORGE,12/06/2022
Peugeot 2008,13000 €,NANCY,12/06/2022
Peugeot 2008,13000 €,PULNOY,12/06/2022
Opel corsa,7500 €,SAINTE ANNE,12/06/2022
Citroën C3 Picasso diesel année 2012,5500 €,MONTSINERY TONNEGRANDE,12/06/2022
"Passat 1, 9 l 130ch",900 €,NANCY,12/06/2022
VOLKSWAGGEN Coccinelle 1.6 TDI 105ch FAP Couture D,9994 €,BAIE MAHAULT,12/06/2022
Mercedes CLK 270 CDI Elégance A,3500 €,ALES,12/06/2022
Audi A3 berline 40 TDI 184ch S tronic 7 quattro,20000 €,ST NAZAIRE,12/06/2022
MAZDA 3,2000 €,RAVINE DES CABRIS,11/06/2022
Peugeot 308 HDI 1.6,4200 €,MARETZ,11/06/2022
Scenic 1 Phase 2 64880 kms 1ère main Année 2000,2420 €,RUEIL MALMAISON,11/06/2022
Renault capture,7000 €,FORT DE FRANCE,11/06/2022
Véhicule occasion adapté handicapé,7500 €,ALBERT,11/06/2022
Renault clio 5,17500 €,BONDY,11/06/2022
Renault Kadjar pratiquement neuve 6200 kms,26000 €,ANTIBES,11/06/2022
Mercedes,7800 €,WATTRELOS,11/06/2022
Megane,400 €,TOULOUSE,11/06/2022
Véhicule auto,18000 €,LE CANON,10/06/2022
Smart 450 de 2006,,LA ROQUE STE MARGUERITE,10/06/2022
Renault Mégane,3000 €,MEYZIEU,10/06/2022
Voiture très bon etat,27000 €,MONTLIEU LA GARDE,07/06/2022
Peugeot 2008,8000 €,L ETANG SALE,07/06/2022
207 1.6 HDi 112 CV Sportium 2011,5000 €,VALENCE,07/06/2022
Voiture,7500 €,METZ,07/06/2022
106 Quicksilver,1000 €,LES AVIRONS,07/06/2022
Nissan juke de 2021. Parfait état,22500 €,BOUIN,07/06/2022
DS4 année 2014 en très très bon état,8500 €,BEZONS,06/06/2022
Voiture Citroën Picasso,1 €,DINARD,06/06/2022
Dacia sandero,140000 €,KERTUGAL,06/06/2022
"Lancia lybra, 2001",600 €,LA ROCHE SUR FORON,06/06/2022
Kia Sportage 1.7 CRDI 115 2WD SERIE LIMITEE,12500 €,LONGUEVAL BARBONVAL,06/06/2022
Ford C max Titanium 6 cv,5500 €,BLANQUEFORT SUR BRIOLANCE,06/06/2022
Vehicule,8880 €,SCHOELCHER,06/06/2022
Moteur très bon état,1500 €,JAVOUHEY,06/06/2022
Audi q5 sline quattro s tronic faibles kilométrage,39500 €,MORSANG SUR ORGE,06/06/2022
Jaguar XF pour pièces ou  à retaper,6000 €,VALENCE,06/06/2022
Belle voiture 2008,17900 €,ST PAUL,06/06/2022
Peugeot 306 Cabriolet BVA,7500 €,PUYLAGARDE,06/06/2022
Toyota aygo x red 1.0 VVT-i 69ch,9000 €,LIGNY EN BARROIS,06/06/2022
Grand vitara Suzuki 3portes tbe,8200 €,PORNICHET,06/06/2022
Intérieur bon état moteur défectueux joint de cula,300 €,MONTGISCARD,06/06/2022
Pour pièces,300 €,PREMERY,06/06/2022
Mazda MX5 CAB  SKYACTIV-G  DYNAMIC,28460 €,LE POULIGUEN,06/06/2022
2008 SUV Allure Pure Tech 130ch S&S EAT6 BVA.,17600 €,ST GENIS DES FONTAINES,05/06/2022
KANGOO,1 €,CAYENNE,05/06/2022
Voiture dans l'état,600 €,LIEUSAINT,05/06/2022
Voiture,8000 €,BONNAT,05/06/2022
MEGANE ESTATE 1.2 TCE 132CV INTENS,14498 €,GOUZEAUCOURT,05/06/2022
Voiture en l etat,800 €,LIMOGES,05/06/2022
Véhicule occasion,2500 €,MEYZIEU,05/06/2022
Bmw,7500 €,ANNEMASSE,04/06/2022
Voiture fiat 500,4300 €,GENTILLY,04/06/2022
Serie 1 116d pack business année 2017 boîte automa,12500 €,MAUREPAS,04/06/2022
Pour pièces,100 €,GUERIN,04/06/2022
Clio 3 rs,3500 €,ST PIERRE,04/06/2022
Particulier vend voiture,10000 €,LA SALINE LES BAINS,04/06/2022
Voiture sans permis MICROCAR type MGO,4500 €,DIGNAC,03/06/2022
Multivan T5 confort,17500 €,ERDEVEN,03/06/2022
Pickup Mitsubishi L200,23000 €,STE CECILE D ANDORGE,03/06/2022
PEUGEOT 3008,5500 €,MONTAUBAN,03/06/2022
Voiture  accidentée,550 €,GREMEVILLERS,03/06/2022
Volvo,4500 €,ARUDY,03/06/2022
Dacia sandero,2700 €,MANA,03/06/2022
Opel adam,10800 €,ALBI,03/06/2022
Voiture sans permis aixam minivan,1700 €,VILLEVALLIER,03/06/2022
Citroën C3 air cross,13000 €,MIRAMONT DU QUERCY,03/06/2022
Cession,1500 €,MONTAUBAN,03/06/2022
Mercedes Classe C220d AMG LINE 194cv,49500 €,PEYREHORADE,03/06/2022
MERCEDES A45,46500 €,VALLAURIS,03/06/2022
Coccinelle III Cabriolet 1. 2tsi 105ch 2013 REPRISE,11000 €,MEYZIEU,03/06/2022
Bonne affaire,6000 €,MATOURY,03/06/2022
Belle VW Golf aTyp 1100 a vendre,5350 €,MARSEILLAN,02/06/2022
Jeep wangler sahara unlimited,35000 €,ST MEDARD EN JALLES,02/06/2022
Mini countryman longstone 136 cv essence,29000 €,CASTRES,02/06/2022
Ford ranger occasion année 2014 à 152000 km,16500 €,PREMONTRE,02/06/2022
Kia picanto 2018,8790 €,LE LAMENTIN,01/06/2022
Vous cherchez une voiture économique?,1 €,LIBOURNE,01/06/2022
Ford Focus,1200 €,NEUVILLE EN FERRAIN,01/06/2022
C3 Picasso hdi diesel,9300 €,HEROUVILLE ST CLAIR,01/06/2022
Jeep cherokee,1500 €,SEEZ,01/06/2022
BMW Z3 Coupé 2. 8,17000 €,ST ELOY LES TUILERIES,01/06/2022
SUV KIA SPORTAGE EDITION 7.2 6CV CRDI 115 DIESEL,10990 €,PEYNIER,01/06/2022
Peugeot 308,2200 €,LE TREHOU,31/05/2022
B-max,10000 €,LE LAMENTIN,31/05/2022
Recherche véhicule d Occassion,600 €,CASE PILOTE,31/05/2022
Voiture occasion,13500 €,LAMOTHE FENELON,31/05/2022
Grand vitara 3 portes 2010 excellent etat,8200 €,PORNICHET,31/05/2022
Citroën saxo 1996,500 €,TRIVY,31/05/2022
Volkswagen Polo,2000 €,LA MONTAGNE,31/05/2022
"206 de 19 ans moins de 110000Km, 2400€",2400 €,LYON 5EME ARRONDISSEMENT,31/05/2022
Affaire à saisir belle Opel Corsa EcoFlex,4300 €,COUBRON,30/05/2022
Yaris essence 2007,3000 €,BIRON,30/05/2022
Kangoo un litre 5 DCI confort expression,9600 €,COULONGES LES SABLONS,30/05/2022
"Peugeot 2008 1,6 hdi 120 CV allure",8400 €,SAINTES MARIES DE LA MER,30/05/2022
Opel Karl 5 portes,10500 €,ST DENIS,30/05/2022
Opel Corsa,2200 €,LE ROBERT,30/05/2022
Bmw 118D,10000 €,AIXE SUR VIENNE,30/05/2022
Porsche Macan déc 2017,54000 €,ORLEANS,29/05/2022
Peugeot 4007 hdi 2008,1300 €,CHAMPAGNEY,29/05/2022
Clio 4 RS,20399 €,BERRE L ETANG,29/05/2022
Peugeot 207 tout option année 2007 110000km,2500 €,HERIMONCOURT,29/05/2022
Voiture,550 €,LOYAT,29/05/2022
Citroën C4 hdi ttes options,5000 €,ST JOSEPH,28/05/2022
Toyota avensis,4500 €,TRELAZE,28/05/2022
Peugeot  3008,18500 €,COLMAR,28/05/2022
MG B CABRIOLET,19850 €,CERESTE,28/05/2022
Duster Renault,7000 €,AUBAGNE,28/05/2022
Alfa At8 lusso Giulia bleu toutes options 2017,22000 €,TASSIN LA DEMI LUNE,27/05/2022
Cherche voiture d'occasion,5000 €,STE ROSE,27/05/2022
Renault Scenic 4,12000 €,SALLANCHES,27/05/2022
Jaguar XJ6 serie3,8000 €,MARTIGUES,27/05/2022
Voiture,2900 €,MERY SUR OISE,27/05/2022
"Mercedes slk  2,8  120000 km ann 2009",18000 €,NICE,27/05/2022
Voiture occasion,1500 €,COUTANCES,27/05/2022
Peugeot 208 HDI 110 CH. Première main.,10800 €,FONTANES,27/05/2022
Renault proto,11000 €,ILLZACH,27/05/2022
Pour piece,500 €,ETAMPES SUR MARNE,27/05/2022
VOLKSWAGEN TIGUAN année 2013,14200 €,CAYENNE,26/05/2022
XSARA BON  ETAT  TJS  MISE  Au garage,2000 €,GOUVILLE SUR MER,26/05/2022
Renault megane break 2018 10350e,10350 €,ST ARMEL,26/05/2022
308,6300 €,VAULX EN VELIN,26/05/2022
207 Peugeot très bon état,3200 €,SEGURET,25/05/2022
Renault Clio III 1. 5 dCi 70,1500 €,CERGY,25/05/2022
Peugeot 307  hdi diesel,1000 €,VILLEJUIF,24/05/2022
Range Rover,16000 €,LES PAVILLONS SOUS BOIS,24/05/2022
Nissan Qashqai,16500 €,BETHONCOURT,24/05/2022
Peugeot 307,450 €,CHAREIL CINTRAT,24/05/2022
Dacia lodgy,6000 €,MAYOT,24/05/2022
"Nissan micra 1,2 acenta",6000 €,TARASCON,24/05/2022
Camping car,36000 €,SAULX,24/05/2022
Audi q3 sportback sline hybrid blue edition,53500 €,OLLIOULES,24/05/2022
CITROEN C 5 PHASE 2 TOUTE OPTION,3000 €,ST PRIEST DES CHAMPS,24/05/2022
RENAULT CLIO S,4900 €,MUTIGNY,24/05/2022
Renault twingo 3 2020 37000km,9900 €,LE HAVRE,24/05/2022
5008,4800 €,MERIGNAC,24/05/2022
Renault laguna2,2490 €,SISSONNE,23/05/2022
Nissan  micra,13900 €,LOMME,23/05/2022
"NISSAN PATROL GR 3,0L",6500 €,VIEUX VILLEZ,23/05/2022
Mercedes GLA 200 4 Matic,19500 €,LA POSSESSION,23/05/2022
Chevrolet Captiva 7 places,5000 €,LA POSSESSION,23/05/2022
Ford fiesta turbo 2004,800 €,LA MONTAGNE,23/05/2022
Renault  Clio IV diesel 90CV,7500 €,LA POSSESSION,23/05/2022
Audi Q5 2l0 170cv sline,14000 €,ST ESTEVE,23/05/2022
Scénic 4 TCE 140 EDC,20500 €,MALANSAC,23/05/2022
Bmw. 530 touring,2500 €,LE BOULOU,23/05/2022
C3 année 2010  5300€ Contrôle technique,5300 €,GRENOBLE,22/05/2022
Jumpy 110 année 2004 Retouche aile arrière droit,3000 €,GRENOBLE,22/05/2022
Jumpy couleur noire année 2009,4200 €,GRENOBLE,22/05/2022
RENAULT TWINGO PACK CLIM,1590 €,GONESSE,22/05/2022
Voiture m'égare dans l état,800 €,LAVARDAC,22/05/2022
Dacia duster prestige dci,12400 €,MOREUIL,22/05/2022
Toyota Aygo HDi 2006,990 €,CAUDEBEC LES ELBEUF,22/05/2022
Mercedes Classe GLA 220 CDI Sensation 4Matic 170ch,21950 €,GIF SUR YVETTE,22/05/2022
Opel Corsa,2000 €,TREMOLAT,22/05/2022
C4 picasso exclusive,13500 €,ANGERS,22/05/2022
EN EXCELLENT ÉTAT,2500 €,ROHAN,22/05/2022
Véhicule Renault scenic,1000 €,CERET,21/05/2022
AUDI S7 450 CV,47999 €,SETE,21/05/2022
"LAGUNA III 1, 5 dci. 195000 kms",6000 €,PARTHENAY,21/05/2022
Voiture,3100 €,ARGENT SUR SAULDRE,21/05/2022
Laguna,1500 €,VILLENEUVE SUR LOT,21/05/2022
CLIO 4 - 1.5 DCI 90ch BUSINESS EDC,11000 €,NEUILLY SUR MARNE,21/05/2022
Fiat stilo année 2003,1000 €,CAEN,21/05/2022
Audi q3 2.0 tdi 140cv s line,13000 €,CARVIN,21/05/2022
Véhicule hYUNDAI,2000 €,MORNE A L EAU,21/05/2022
PORSCHE BOXSTER 986 + HARD TOP + capote electric,19000 €,TREVIGNIN,21/05/2022
Audi A1,11500 €,USTARITZ,21/05/2022
Achat,2000 €,LUCQ DE BEARN,20/05/2022
Megane essence boite auto  intens,15000 €,LORMONT,20/05/2022
Voiture sans permis,5800 €,L HOUMEAU,20/05/2022
Kangoo pour pièces,400 €,VALCANVILLE,20/05/2022
CENIC 4 superbe,17600 €,SAUMOS,20/05/2022
"C5 Exclusive, 2015 essence / ethanol 75650 km, blanc - 11 500 €",11500 €,LE BOUSCAT,20/05/2022
Seat diesel,1800 €,FIRMINY,20/05/2022
Voiture sans permis ligier xto,3500 €,COUERON,19/05/2022
Doblo cargo jtd 1. 9l,500 €,OURCHES,19/05/2022
Voiture économique,3000 €,MOUTIERS SOUS CHANTEMERLE,19/05/2022
2 cv6 az,7500 €,CALAIS,19/05/2022
C4 PICASSO,15000 €,MOUILLAC,19/05/2022
DACIA SANDERO STEPWAY PH II -TCe 90,9500 €,LE LAMENTIN,19/05/2022
307 1l6 hdi,2500 €,BAIE MAHAULT,19/05/2022
Citroën C25,3500 €,FOUCHERANS,18/05/2022
Volkswagen Golf 2 1. 8 faible kilométrage,4200 €,FAMECK,18/05/2022
Audit 2L5,500 €,ESPIRA DE L AGLY,18/05/2022
BURTON CABRIOLET,18500 €,ESCAMPS,18/05/2022
Pour pièces Détachées,2000 €,MORNE DES ESSES,18/05/2022
Zx,800 €,TREOGAT,18/05/2022
Renault twingo essence ethanol,1700 €,GAP,18/05/2022
Opel zafira,1300 €,TOULOUSE,17/05/2022
Véhicule Peugeot 208,4000 €,ST JOSEPH,17/05/2022
Renault Megane rs3,11000 €,BAR LE DUC,17/05/2022
"3008 Crossway 2018 1,6l BM6 120CV blanc nacré",19950 €,ST PIERRE DES NIDS,17/05/2022
Audi a3 Quattro s line,3000 €,MARMANDE,17/05/2022
RENAULT CLIO V,16000 €,CHAROLLES,17/05/2022
Partner Peugeot 5places hdi,4500 €,PRIGONRIEUX,17/05/2022
Renault scenic,600 €,BARBEZIEUX ST HILAIRE,17/05/2022
Véhicule,8500 €,MONTCRESSON,17/05/2022
Peugeot 3008,5500 €,ST ETIENNE,17/05/2022
Opel insignia,5700 €,ST ANDRE DE CUBZAC,17/05/2022
Véhicule d'occasion,5500 €,GRASSE,17/05/2022
MINI PACEMAN COOPER S 184 CH,15000 €,CRAPONNE,17/05/2022
PEUGEOT 406 TD 2.1,350 €,PONT A MOUSSON,17/05/2022
Polo 6r 1.2 tdi (turbo essence) 105cv urgent,8800 €,ST PAUL,17/05/2022
MERCEDES CLA,18000 €,ARLES,16/05/2022
Mégane 3 rien a prévoir,2300 €,CHARTRES,16/05/2022
Citroën C5 Phase 2,1 €,CAHON,16/05/2022
Renault mégane 2,3500 €,ST FRANCOIS,16/05/2022
Touareg,7000 €,ST FRANCOIS,16/05/2022
SUV 3008 Crossway Pure Tech 130 BVM6,25000 €,THEDING,16/05/2022
Peugeot 308,4200 €,VALOGNES,16/05/2022
Mehari,18500 €,ROUSSILLON,16/05/2022
MERCEDES BREAK 280 CDI,10000 €,MENUCOURT,16/05/2022
Pièces voitures,100 €,SOCHAUX,16/05/2022
BMW Série 5 Touring Luxury,22900 €,ST CLAR,16/05/2022
3008 feline  2015,11000 €,CUSSET,16/05/2022
Clio 4 essence,6400 €,MARSEILLE 14EME ARRONDISSEMENT,16/05/2022
4 CV Renaud decouvralvle,22000 €,BRIVE LA GAILLARDE,16/05/2022
Nissan Almera Tino,1200 €,QUIBERON,15/05/2022
Véhicule en bon état prix a débattre,11500 €,ROGNAC,15/05/2022
VOITURE CITROEN C5 EXCLUSIVE BVA - 140 CH,8000 €,PARIS 17EME ARRONDISSEMENT,15/05/2022
308,5000 €,GROS MORNE,15/05/2022
Renault clio 4,7000 €,BOUVIGNY BOYEFFLES,15/05/2022
Vehicule,4300 €,JAUNAY CLAN,15/05/2022
Ion Peugeot excellent état (pas roulé) 226 km,10500 €,CONCOURSON SUR LAYON,15/05/2022
Cherche voiture sans permis,1400 €,L AIGLE,15/05/2022
Nissan murano 240cv V6 essence,2500 €,AYGUADE CEINTURON,15/05/2022
"Pour pièces, en l'état",1250 €,MENTON,14/05/2022
Pour Pièces,1000 €,ST DENIS,14/05/2022
Dacia Ducter,8000 €,MATOURY,14/05/2022
4x4 suzuki,4500 €,CRUCHERAY,14/05/2022
BMW X1 DRIVE LUXE TTES OPTIONS,13990 €,NANTES,14/05/2022
Une Citroën c5 exclusive,3000 €,CAYENNE,14/05/2022
Superbe mini cooper D,9500 €,PAYRAC,14/05/2022
Occasion à saisir,6200 €,NEUILLY SUR SEINE,14/05/2022
Renault Clio IV DCI 75 ZEN,11990 €,FROUARD,14/05/2022
Golf 6,5500 €,ROANNE,14/05/2022
C5 de 2002,250 €,SETE,13/05/2022
Mercedes GLC 220D,39000 €,MAULEON LICHARRE,13/05/2022
406 coupé Settant’Anni,11500 €,LE HAVRE,13/05/2022
Ford c max,2000 €,CHALON SUR SAONE,13/05/2022
Grand Vitara 5 portes,5600 €,ST GERVAIS LES BAINS,13/05/2022
Citroën C4,5500 €,SALIGNAC SUR CHARENTE,13/05/2022
307 hdi 2l tres bon etat ct vierge moins de 2mois,1900 €,PHALSBOURG,13/05/2022
Scénic lll 1. 6 130 CV,6200 €,CLICHY,12/05/2022
Toyota Hilux pour cause de départ,13000 €,MACOURIA TONATE,12/05/2022
Elle n'attend que vous,8000 €,METZ,12/05/2022
Pajero 2. 5l 1995,700 €,GAZOST,12/05/2022
Citroën C3,700 €,SCHOELCHER,12/05/2022
Volvo break v60,22500 €,MACOURIA TONATE,12/05/2022
Nissan navarra 2. 3l,21000 €,LE PORT MARINE,12/05/2022
Hundai i10,8900 €,STE MARIE,12/05/2022
Peugeot 206+,4500 €,FORT DE FRANCE,12/05/2022
Voiture occasion,1400 €,ST JEAN DE LUZ,11/05/2022
Modus,3800 €,VIRE,11/05/2022
CIROEN C4  DIESEL PICASSO,7500 €,ROMORANTIN LANTHENAY,11/05/2022
Aixam,5000 €,ST MICHEL DE RIVIERE,11/05/2022
206 plus,3000 €,CHAMPVOISY,11/05/2022
Renault Clio DCI 110 ENERGY INTENS,5500 €,STE ROSE,11/05/2022
Mercedes classe A,12500 €,CAHORS,10/05/2022
Peugeot 2008 puretech 82 active,11500 €,EYMOUTIERS,10/05/2022
Renautl twingo,6300 €,BRAS PANON,10/05/2022
Clio campus,3900 €,ORVAULT,10/05/2022
OPEL INSIGNIA 2.0 CDTI FAP COSMO PACk CT. OK,5500 €,RIOM,09/05/2022
Renault Megane,1200 €,NIORT,09/05/2022
Jaguar Sovereign XJ8 4l essence 23 CV,7900 €,LUSIGNAN,09/05/2022
Mercedes b 180 inspiration,21900 €,BEAULIEU SUR LOIRE,09/05/2022
Volkswagen  coccinelle cabriolet,15900 €,LANESTER,09/05/2022
Renault Scenic 2 - 2008 - Diesel -Bon état général,2000 €,PARIS 13EME ARRONDISSEMENT,09/05/2022
MERCEDES BENZ Classe C220 CDI Business,13300 €,EPRON,09/05/2022
Pour pièces uniquement toutes d origines,50 €,ST JOSEPH,09/05/2022
Twingo 1200cc 16v Expression couleur bordeaux,1500 €,ST GILLES LES HAUTS,09/05/2022
Modus pour pièces,500 €,MARSEILLE 15EME ARRONDISSEMENT,08/05/2022
Seat Exeo,4600 €,FEYZIN,08/05/2022
Kia soul,6000 €,ST MARTIN,08/05/2022
Opel Mokka automatique,8500 €,LE LAMENTIN,08/05/2022
MERCEDES C220,9990 €,BREST,08/05/2022
Nissan Cargo Vanette,500 €,ELNE,08/05/2022
Véhicule parfait état,6900 €,LE TEICH,08/05/2022
BMW X4 M 40I 360 CH,45000 €,LA PLAINE DES CAFRES,08/05/2022
CITROËN C3 BLEU FONCE,1500 €,LYON 8EME ARRONDISSEMENT,08/05/2022
Voiture sans permis,1500 €,OUZOUER SUR LOIRE,07/05/2022
Renault  laguna 1.9dti,800 €,ASNIERES SUR SEINE,07/05/2022
Zoé électrique 2021 - 1200 kms,26000 €,YVRE L EVEQUE,07/05/2022
Twingo Initiale,3800 €,ARCACHON,07/05/2022
Véhicule pour cause départ à l'étranger,2500 €,ARRAS,07/05/2022
206hdi diesel,1400 €,VARENNES VAUZELLES,07/05/2022
BMW  320 I e 30,11000 €,LOUHANS,07/05/2022
Voiture de collection,100000 €,MONTLOUIS SUR LOIRE,07/05/2022
Renault Scenic,800 €,GROS MORNE,06/05/2022
Senic 2 carminat,1400 €,VIENNE,06/05/2022
KIA SPORTAGE,16200 €,THEZA,06/05/2022
MEGANE 2 PHASE 1 DIESEL 1.9  DCI,2450 €,LANFAINS,06/05/2022
Clio 3,5800 €,ANNONAY,06/05/2022
Toyota rav4 d4d,7500 €,BORDEAUX,06/05/2022
C3 Picasso - TB état - 2015 - 62 900km - 10 900€,10600 €,AUBENAS,05/05/2022
Opel Zafira 7 place,12500 €,BEAUVAIS,05/05/2022
Pour  pièces,800 €,ABBEVILLE,05/05/2022
Mercedes 350 cdi Blue efficiency exécutive,16000 €,ARCIS SUR AUBE,05/05/2022
Nissan note,6000 €,ST DIDIER DE LA TOUR,05/05/2022
Citroën Xsara Picasso,850 €,FLAVIN,05/05/2022
Jaguar XF,10000 €,VAL DE REUIL,05/05/2022
MERCEDES E 320 AVANGARDE BA7 / 1ER MAIN / 64000KM,25000 €,ASCOUX,04/05/2022
Très bon état à voir,18500 €,CHAMPCUEIL,04/05/2022
BMW X5 3.0D Luxe  235 ch. FAP NEUF,10900 €,SUCY EN BRIE,04/05/2022
"Mercedes cabriolet, proche neuve (de collection)",15000 €,RAVINE DES CABRIS,04/05/2022
308 Peugeot,2000 €,ST LO,04/05/2022
MERCEDES  - BENZ    -   Boite  Automatique   - 1992 - 5 Portes  -,4000 €,VIC EN BIGORRE,04/05/2022
CAPTUR Intens TCe 140 EDC -21,25000 €,VILLERS SOUS PRENY,04/05/2022
Renault express,2000 €,PONT D AIN,04/05/2022
Camping car Challenger,55000 €,CHARTRES,04/05/2022
Renault Kadjar,14800 €,NOIRMOUTIER EN L ILE,03/05/2022
Citroen C3 - 90HDI,7700 €,CARPENTRAS,03/05/2022
Laguna 2 pour pièces ou à refaire,600 €,LORMONT,03/05/2022
Range rover,10000 €,GRANDPRE,03/05/2022
"Véhicule Opel Corsa, Toyota Yaris...",20 €,LE LAMENTIN,03/05/2022
Voiture Renault megane-2013,5000 €,ST DENIS,03/05/2022
CLA 2018,18000 €,ST FRANCOIS,03/05/2022
Audi A3,10000 €,ST DENIS,03/05/2022
Renault Megane,14590 €,CANEJAN,03/05/2022
Cherche voiture,55 €,KOUROU,02/05/2022
Ford Mustang cabriolet année 2006 150000 km V6,20000 €,ST JULIEN EN BORN,02/05/2022
Espace 4 initial,1250 €,FONTENAY AUX ROSES,02/05/2022
Voiture pour pièces,500 €,FONTAINEBLEAU,02/05/2022
Golf tdi united,7000 €,LUNAY,02/05/2022
Peugeot 307 hdi 90cv,300 €,CUISEAUX,02/05/2022
Mercedes c180 Diesel boîte automatique,8900 €,STE ANNE,02/05/2022
Nissan qashqai 2013,8000 €,MIRAMONT DE GUYENNE,02/05/2022
OPEL VECTRA TD,2500 €,VILLEVEYRAC,02/05/2022
Pajero 3. 2 did,3000 €,ST JOSEPH,01/05/2022
Modus,4000 €,VIRE,01/05/2022
POUR VOS LONGUES BALLADES EN CABRIOLET SLK,5500 €,CARCASSONNE,01/05/2022
Golf 7,15300 €,POITIERS,01/05/2022
Audi S3,19000 €,PLOEUC SUR LIE,01/05/2022
"Seat Ibiza IV 1,2 TSI 90 ch",10000 €,GARDANNE,30/04/2022
Audi A3 cause séparation,3500 €,ESTISSAC,30/04/2022
Skoda 2019 essence 29000 kms,9700 €,LAY,30/04/2022
"Nissan pulsar 2016 1,5 dci 110 ch édition connect",8300 €,MEHUN SUR YEVRE,30/04/2022
Mercedes,2500 €,VILLEMOMBLE,30/04/2022
Volvo v90 cross-country,49000 €,NAINTRE,30/04/2022
RENAULT Twingo III,11500 €,POURRAIN,30/04/2022
Peugeot 108,8800 €,AURAY,29/04/2022
Mercedes ML,3500 €,MONTPELLIER,29/04/2022
Q5 SLINE TDI 190 CV BVA,25900 €,ST PIERRE,29/04/2022
Voiture entière,250 €,SILLY SUR NIED,29/04/2022
Véhicule en très bon état,15000 €,NEVERS,29/04/2022
Mercedes-Benz 230ce boîte auto 1981,7900 €,MARSEILLE 9EME ARRONDISSEMENT,29/04/2022
Ford ranger widtrak,32000 €,MONTAGNE,28/04/2022
Voiture,9000 €,DEMBENI,28/04/2022
Mini Cooper rouge,3600 €,LE BLANC MESNIL,28/04/2022
Ford fiesta grise,1500 €,ACHIET LE GRAND,28/04/2022
308cc hdi 163cv White and Black,8500 €,SISCO,27/04/2022
En l état,600 €,SCHOELCHER,27/04/2022
Pour pièces,299 €,GRATENS,27/04/2022
Peugeot 3008,4700 €,ST PIERRE DE COLE,27/04/2022
Ds3,7500 €,BAYONNE,27/04/2022
Peugeot 207,3600 €,LES ABYMES,27/04/2022
Nissan Quashqai automatique,13500 €,FORT DE FRANCE,27/04/2022
206 hdi ct ok,2000 €,VRIGNE AUX BOIS,26/04/2022
Citroën Xsara Picasso 2.0 HDi 90,900 €,ROUEN,26/04/2022
Kia Picanto 1. 0L 67 ch BVM5,8695 €,VERNET LES BAINS,26/04/2022
Recherche location voiture,300 €,ST LOUIS,26/04/2022
A saisir,26000 €,DZOUMOGNE,26/04/2022
Peugeot 307 SW 1. 4 hdi année 2003 état général,3000 €,CAMBRAI,25/04/2022
"Chevrolet Kalos 2005, 1.2L, 5 portes - 160000km",1700 €,PARIS 18EME ARRONDISSEMENT,25/04/2022
Voiture de collection,11000 €,REPLONGES,25/04/2022
Véhicule,36000 €,MARMANDE,25/04/2022
Renault Clio 2 phase 1 1.2,300 €,ERMONT,25/04/2022
Très belle BMW 330 CI année 2001. 81000 km,15000 €,BASTIA,25/04/2022
Fiat Dino coupé à restaurer,24800 €,ST JEAN DE LUZ,24/04/2022
Opel astra,1200 €,DUNKERQUE,24/04/2022
Renault Megane III DCI 110 FAP eco 2,5000 €,ST CHAMAS,24/04/2022
Audi A3 tdi 1.6,6500 €,GOURBEYRE,24/04/2022
AUDI A5,17000 €,FORT DE FRANCE,24/04/2022
Premier venu premier servi,1500 €,ERMONT,24/04/2022
Audi a4,4500 €,MONTLOUIS SUR LOIRE,24/04/2022
Corsa D,4500 €,GROS MORNE,24/04/2022
"Mon modèle, c'est le meilleur",5600 €,POINTE NOIRE,23/04/2022
DACIA SANDERO,8500 €,SCHOELCHER,23/04/2022
Ds 4 automatique  so chic,16900 €,LES AVENIERES,23/04/2022
Volkswagen Golf,3500 €,VILLENNES SUR SEINE,23/04/2022
Renault MEGANE 1.6 DCI - 16V TURBO MONOSPACE,3200 €,LONS LE SAUNIER,23/04/2022
Bmw 118 143cv,1000 €,BOLLENE,23/04/2022
Mercedes w124 E230E,4500 €,VIGNEUX SUR SEINE,23/04/2022
Peugeot 307 Break 7 places pour pièces,350 €,SAIL SOUS COUZAN,23/04/2022
Jeep Grand Cherokee 3.0 LIMITED 241cv,19900 €,NIORT,23/04/2022
Toyota Land Cruiser KDJ 120,20000 €,EZE,23/04/2022
Focus pour pièces,500 €,BLERIOT,23/04/2022
Mercedes Classe B 200 sentation,20500 €,NEUVILLE ST VAAST,23/04/2022
Audi A3 tdi 1. 6,6500 €,GOURBEYRE,23/04/2022
Peugeot 206,1200 €,ST MAUR DES FOSSES,22/04/2022
Citroën C1 rouge,7300 €,LODEVE,22/04/2022
DAIHATSU TERIOS 2009,2500 €,POGGIO DE VENACO,22/04/2022
CITROËN XSARA HDI VTS,4000 €,ALES,21/04/2022
Peugeot 3008 cause départ à l'étranger,18300 €,PARIS 13EME ARRONDISSEMENT,21/04/2022
Voiture kia Soul ttes options,3200 €,ARGENTEUIL,21/04/2022
Fonctionne très bien,1800 €,COMPIEGNE,21/04/2022
Renault laguna 2,600 €,BEAUVAIS,21/04/2022
Yeti Skoda 4x4 avec deux jeux de roues ÉTÉ / HIVER,8500 €,SEYTHENEX,21/04/2022
LAGUNA 3,2300 €,ST PAUL DES LANDES,20/04/2022
Ford fiesta TDCI Ttanium,10500 €,PLEGUIEN,20/04/2022
Vehicule,5500 €,ST LAURENT DU MARONI,20/04/2022
C4,5500 €,RUSTREL,20/04/2022
Corvette c3 stingray,29000 €,MISSILLAC,20/04/2022
Recherche acheteur,14000 €,ELVEN,20/04/2022
Peugeot 206,1000 €,PORT DE BOUC,20/04/2022
Outil de diagnostic automobile,120 €,CASTRES GIRONDE,20/04/2022
208 ROADTRIP 1. 2 PureTech 100 S&S BVM 6 bleu,22350 €,MANDEURE,20/04/2022
Voiture dans l'état Land Rover TD4 de 2009,4000 €,LE GOSIER,20/04/2022
Citroën C3,4500 €,REVIN,19/04/2022
Smart fortwoo mhd,6200 €,ANTIBES,19/04/2022
Clio 3,3400 €,ANNONAY,19/04/2022
RENAULT MEGANE SCENIC,4000 €,MONTPELLIER,19/04/2022
Voiture C4,5500 €,RUSTREL,19/04/2022
Cède C4 PICASSO,1800 €,ISSOIRE,19/04/2022
DACIA LOGANE,5800 €,ISLE,19/04/2022
Peugeot 308 sw roule très bien,3000 €,FIRMINY,19/04/2022
Audi,1000 €,SARCELLES,18/04/2022
Wv touran,4600 €,SARCELLES,18/04/2022
Rover 75 cdt,3200 €,GLEIZE,18/04/2022
Cause permis,8300 €,ANTHY SUR LEMAN,18/04/2022
Véhicule,3000 €,POUZAUGES,18/04/2022
Nissan Almera 3200€,3200 €,CAYENNE,18/04/2022
C5 II de 2008,2500 €,BAIE MAHAULT,17/04/2022
Celerio 2018 première main,6000 €,PONTAULT COMBAULT,17/04/2022
Véhicule loisir,52000 €,ST ANDRE DES EAUX,17/04/2022
CLIO 2 Extrème 1L9 TDI 80 ch,1000 €,AUXERRE,17/04/2022
Peugeot 3008,15000 €,LE LAMENTIN,16/04/2022
Toyota land cruiser,20500 €,PYLA SUR MER,16/04/2022
Express,1900 €,HABSHEIM,16/04/2022
Bmw série 7 berline,900 €,BRIE COMTE ROBERT,16/04/2022
Mini cooper,17000 €,FONDETTES,16/04/2022
Citroën c3,2000 €,SESSENHEIM,16/04/2022
Xc60 D5 185cv  diesel boîte auto année 2009  cuir,10000 €,MUNSTER,15/04/2022
Renault Mégane III phase 3,8700 €,RELEVANT,15/04/2022
DACIA SANDERO,5000 €,GASTES,15/04/2022
Pour pièces pontiac,4400 €,ANCIER,15/04/2022
Renault Express pour pièces,400 €,LES SABLES D OLONNE,15/04/2022
Peugeot 407 essence,3400 €,GRENOBLE,14/04/2022
Voiture équipée tpmr,4000 €,BLAINVILLE SUR ORNE,14/04/2022
Peugeot 307 hdi 110chv. Contrôle tech. Ok.,4500 €,ST RAMBERT EN BUGEY,14/04/2022
PEUGEOT 208 (2) 1. 2 PURETECH 82 STYLE 5P 8900,8900 €,FORT DE FRANCE,14/04/2022
Voiturette blanche 73000,4500 €,PLELAN LE GRAND,14/04/2022
Citroën Jumpy,29000 €,ST LAURENT EN GRANDVAUX,14/04/2022
Twingo 2001,1300 €,BOUILLE LORETZ,13/04/2022
DS5,13600 €,ANGLURE,13/04/2022
DACIA LOGAN 1.5 DCI LAUREATE,3500 €,CIBOURE,13/04/2022
"Renault Kadjar diesel 1,6 130cv",14200 €,GAILLAC TOULZA,13/04/2022
Véhicule d'Occasion  bon état,6500 €,ROZIERES SUR MOUZON,13/04/2022
Citroën C2,800 €,MARCOUX,13/04/2022
Jaguar Xe RDYnamic,44000 €,LA POSSESSION,13/04/2022
Peugeot 206 HDI,1400 €,LA RIVIERE,12/04/2022
Ford Fiesta,800 €,CRECY LA CHAPELLE,12/04/2022
307 Peugeot,2500 €,GIROMAGNY,12/04/2022
SSANGYONG TIVOLI E-XDI SPORT 1. 6L DIESEL 115 CH,11500 €,ST LEU,12/04/2022
C4 PICASSO CT OK au 3 / 3 / 2022,3000 €,NICE,12/04/2022
Urgent renault laguna,1200 €,BEDARIEUX,11/04/2022
Nissan Nissan Qasqhai - 238 000p (Année 2017),11500 €,LA ROCHE SUR YON,11/04/2022
Jeep compas. 4 / 4,5200 €,UNIEUX,11/04/2022
Cherche,300 €,FORT DE FRANCE,11/04/2022
Mini Countryman Cooper SD 146cv 4x4,15000 €,MAUGUIO,10/04/2022
Twingo 2 2009,4500 €,SELLES,10/04/2022
Chevrolet Aveo,4000 €,CHANTEPIE,10/04/2022
Mercedes Class A,3800 €,PARIS 12EME ARRONDISSEMENT,10/04/2022
POLO VOLKSWAGEN,12500 €,RIVIERE SALEE,10/04/2022
Voiture à refaire ou pour pièces détachées,300 €,BAILLEUL LES PERNES,09/04/2022
HYUNDAI KONA 1.0 T-GDI 120 EDITION #1,15250 €,BOUC BEL AIR,09/04/2022
Cause départ occasion à saisir,1400 €,LE FRANCOIS,09/04/2022
Volkswagen Tiguan,20500 €,REHAUPAL,09/04/2022
Focus ghia 1.8 tdci 115 cv 2000€ a débattre,2000 €,MONTDIDIER,09/04/2022
Citroen C3,6800 €,ST LOUIS,09/04/2022
Peugeot 406,2000 €,TREDREZ LOCQUEMEAU,09/04/2022
Berlingo utilitaire,14200 €,ST PIERRE LE MOUTIER,09/04/2022
Clio Estate break dci 105,1600 €,BOURG EN BRESSE,09/04/2022
PT cruiser série route 66,4600 €,ST JULIEN LES ROSIERS,08/04/2022
Twingo blanche,3200 €,ST BRIEUC,08/04/2022
Mercedes classe B,9200 €,ST BRIEUC,08/04/2022
C3 essence,1000 €,CARNAC,08/04/2022
Peugeot PARTNER TEPEE OUTDOOR- AVRIL 2011.,6100 €,MONTMORENCY,08/04/2022
Ford Fiesta carrosserie Propre pour son âge,1050 €,ST CYR L ECOLE,07/04/2022
Citroën C3 II / 53 480 kms évolutifs,8490 €,VENISSIEUX,07/04/2022
2008Mercedes Classe C 320 CDI 4 Matic,15700 €,MANTRY,07/04/2022
Senic 2,3500 €,PRIZIAC,07/04/2022
Megane,3800 €,MEXIMIEUX,07/04/2022
Citroen cx turbo D,5000 €,ST LAURENT DU VAR,07/04/2022
Voiture Citroën c3,800 €,KOUROU,07/04/2022
2cv,2550 €,MOTHERN,07/04/2022
NISSAN TERRANO,5000 €,LE DELUGE,07/04/2022
BONNE AFFAIRE,10000 €,LES ABYMES,07/04/2022
Mercedes classe E,7800 €,MONTPELLIER,07/04/2022
Citroën C3 essence,5600 €,LE CHATELET EN BRIE,07/04/2022
Pour pièces,800 €,RAVINE DES CABRIS,07/04/2022
TRES BELLE DACIA SANDERO STEPWAY,9300 €,MARSEILLE 11EME ARRONDISSEMENT,07/04/2022
BMW x6 3.5d xdrive,17499 €,BEZIERS,06/04/2022
NISSAN X-TRAIL T31  2.0 dCI 173CH FAP LE BVA,19900 €,ST ANTOINE DE FICALBA,06/04/2022
Renault kadjar,14000 €,STE MARIE AUX MINES,06/04/2022
Pièces détachées,1 €,FORT DE FRANCE,06/04/2022
Audi A3,5200 €,SEYNOD,06/04/2022
Occasion véhicule,450 €,ST JUNIEN,05/04/2022
Mitsubishi L200 2 5 8 chevaux fiscaux 5 places,20500 €,AUBENAS,05/04/2022
Dans l état pour pièce ou a réparer,1000 €,ST PAUL,05/04/2022
208 utilitaire 1l6 hdi 100ch,6000 €,LE GUILLAUME,05/04/2022
Kangoo,2000 €,ST MARTIN DE FRESSENGEAS,05/04/2022
